,(p*n),(p*n*y),expected_post,n,p,post-init,x,y,z
0,1.2,19.2,26.752,12,0.1,18.752,8,16,7
1,13.35,253.65,266.056,15,0.89,255.05599999999998,11,19,10
2,0.05,0.45,13.042,1,0.05,0.041999999999999815,13,9,19
3,13.3,0.0,15.31,19,0.7,13.31,2,0,12
4,7.65,153.0,158.0,9,0.85,153.0,5,20,7
5,3.33,66.6,84.6,9,0.37,67.6,17,20,1
6,2.58,15.48,28.636,3,0.86,15.636,13,6,10
7,6.16,0.0,9.106,11,0.56,6.106,3,0,14
8,3.75,75.0,11.92,15,0.25,3.92,8,20,13
9,2.25,31.5,43.36,15,0.15,31.36,12,14,8
10,4.74,61.62,9.724,6,0.79,4.724,5,13,18
11,8.47,127.05,26.49,11,0.77,8.489999999999998,18,15,18
12,0.4,6.8,15.428,5,0.08,0.4280000000000008,15,17,14
13,5.44,16.32,21.158,16,0.34,16.158,5,3,3
14,7.2,28.8,32.32,9,0.8,28.32,4,4,6
15,3.3,52.8,70.84,11,0.3,51.84,19,16,2
16,1.5,6.0,4.458,15,0.1,1.4580000000000002,3,4,20
17,6.15,67.65,11.024,15,0.41,6.023999999999999,5,11,14
18,2.24,44.8,8.21,7,0.32,2.210000000000001,6,20,11
19,9.0,27.0,20.114,18,0.5,9.114,11,3,20
20,0.26,1.04,3.0,1,0.26,1.0,2,4,1
21,5.76,17.28,9.832,16,0.36,5.832000000000001,4,3,13
22,0.1,0.6,19.106,2,0.05,0.10600000000000165,19,6,15
23,0.55,0.0,14.0,1,0.55,0.0,14,0,10
24,1.0,12.0,3.034,20,0.05,1.0339999999999998,2,12,19
25,4.64,92.8,5.714,8,0.58,4.714,1,20,18
26,6.4,128.0,7.416,8,0.8,6.416,1,20,16
27,0.62,4.96,21.864,1,0.62,4.864000000000001,17,8,9
28,9.12,36.48,17.066,16,0.57,9.065999999999999,8,4,16
29,8.64,146.88,17.716,18,0.48,8.716000000000001,9,17,20
30,1.12,2.24,18.296,4,0.28,2.2959999999999994,16,2,0
31,4.15,41.5,61.36,5,0.83,41.36,20,10,6
32,3.65,51.1,21.734,5,0.73,3.7340000000000018,18,14,19
33,8.1,24.3,9.042,18,0.45,8.042,1,3,14
34,3.5,52.5,63.92,14,0.25,52.92,11,15,9
35,0.18,2.34,6.2,1,0.18,0.20000000000000018,6,13,20
36,16.92,253.8,260.8,18,0.94,253.8,7,15,3
37,0.75,12.75,8.776,5,0.15,0.7759999999999998,8,17,13
38,1.43,7.15,8.34,11,0.13,1.3399999999999999,7,5,11
39,2.6,49.4,54.692,13,0.2,50.692,4,19,3
40,8.03,40.15,10.076,11,0.73,8.076,2,5,17
41,7.11,42.66,61.928,9,0.79,41.928,20,6,8
42,0.8,11.2,31.088,10,0.08,11.088000000000001,20,14,10
43,1.28,0.0,16.0,4,0.32,0.0,16,0,0
44,2.08,20.8,24.34,4,0.52,21.34,3,10,10
45,11.34,45.36,18.34,18,0.63,11.34,7,4,18
46,0.12,0.6,12.63,1,0.12,0.6300000000000008,12,5,9
47,12.0,192.0,13.036,15,0.8,12.036,1,16,16
48,8.1,121.5,132.71,9,0.9,121.71000000000001,11,15,1
49,6.16,36.96,48.344,11,0.56,37.344,11,6,2
50,2.2,22.0,7.164,11,0.2,2.1639999999999997,5,10,16
51,7.56,7.56,15.49,9,0.84,7.49,8,1,15
52,6.4,44.8,16.394,10,0.64,6.393999999999998,10,7,16
53,7.2,136.8,140.028,8,0.9,137.028,3,19,5
54,6.57,85.41,93.386,9,0.73,87.386,6,13,4
55,5.46,109.2,123.4,14,0.39,106.4,17,20,9
56,3.6,3.6,14.628,15,0.24,3.628,11,1,13
57,5.76,92.16,105.288,16,0.36,92.288,13,16,3
58,4.27,68.32,8.364,7,0.61,4.364000000000001,4,16,18
59,2.15,38.7,8.098,5,0.43,2.0980000000000008,6,18,18
60,6.6,112.2,16.602,20,0.33,6.602,10,17,18
61,5.59,55.9,70.02,13,0.43,56.019999999999996,14,10,8
62,4.23,0.0,16.26,9,0.47,4.260000000000002,12,0,20
63,9.66,115.92,13.62,14,0.69,9.62,4,12,17
64,1.6,22.4,2.572,2,0.8,1.572,1,14,17
65,1.8,16.2,6.786,9,0.2,1.7859999999999996,5,9,11
66,3.22,35.42,11.18,7,0.46,3.1799999999999997,8,11,11
67,2.79,33.48,38.552,3,0.93,33.552,5,12,7
68,2.76,33.12,36.264,4,0.69,33.264,3,12,9
69,17.6,352.0,370.16,20,0.88,352.16,18,20,9
70,0.71,12.78,18.492,1,0.71,12.492,6,18,4
71,0.8,8.8,6.848,8,0.1,0.8479999999999999,6,11,16
72,0.63,5.67,19.012,3,0.21,6.0120000000000005,13,9,4
73,5.95,23.8,24.896,17,0.35,23.896,1,4,10
74,7.2,14.4,25.624,15,0.48,14.623999999999999,11,2,0
75,13.02,247.38,262.24,14,0.93,246.24,16,19,7
76,17.4,87.0,33.28,20,0.87,17.28,16,5,14
77,13.32,53.28,33.29,18,0.74,13.29,20,4,14
78,0.41,4.1,9.396,1,0.41,0.3960000000000008,9,10,14
79,3.05,3.05,20.1,5,0.61,3.1000000000000014,17,1,5
80,0.88,14.96,25.96,1,0.88,14.96,11,17,5
81,18.8,150.4,35.792,20,0.94,18.792,17,8,11
82,8.26,74.34,90.006,14,0.59,75.006,15,9,6
83,6.3,25.2,32.168,18,0.35,25.168,7,4,10
84,0.32,6.4,25.04,1,0.32,7.039999999999999,18,20,10
85,14.79,0.0,24.792,17,0.87,14.792000000000002,10,0,20
86,9.35,102.85,13.414,17,0.55,9.414,4,11,13
87,6.16,73.92,12.058,7,0.88,6.058,6,12,14
88,8.25,165.0,22.32,11,0.75,8.32,14,20,17
89,4.18,25.08,17.216,19,0.22,4.216000000000001,13,6,20
90,7.92,126.72,145.76,9,0.88,125.75999999999999,20,16,1
91,4.2,58.8,58.54,7,0.6,57.54,1,14,1
92,8.25,148.5,18.272,11,0.75,8.271999999999998,10,18,14
93,18.0,180.0,32.88,20,0.9,17.880000000000003,15,10,20
94,6.58,105.28,106.024,14,0.47,105.024,1,16,9
95,5.16,87.72,5.196,6,0.86,5.196,0,17,16
96,5.18,0.0,10.0,7,0.74,0.0,10,0,8
97,8.5,59.5,68.458,10,0.85,59.458,9,7,9
98,9.0,63.0,9.982,18,0.5,8.982,1,7,18
99,5.76,51.84,56.524,8,0.72,52.524,4,9,0
100,7.2,100.8,24.108,18,0.4,7.1080000000000005,17,14,15
101,9.13,73.04,75.152,11,0.83,73.152,2,8,9
102,2.67,29.37,21.626,3,0.89,2.6260000000000012,19,11,17
103,12.24,122.4,29.166,18,0.68,12.166,17,10,16
104,9.2,147.2,163.616,20,0.46,147.616,16,16,10
105,8.54,85.4,8.538,14,0.61,8.538,0,10,11
106,2.47,34.58,45.152,13,0.19,33.152,12,14,8
107,0.66,7.26,16.436,1,0.66,7.436,9,11,4
108,4.16,4.16,21.076,16,0.26,4.0760000000000005,17,1,12
109,1.5,15.0,8.498,2,0.75,1.4979999999999993,7,10,15
110,5.7,34.2,36.008,19,0.3,34.008,2,6,0
111,11.56,196.52,202.588,17,0.68,196.588,6,17,7
112,3.64,29.12,16.68,4,0.91,3.6799999999999997,13,8,12
113,11.59,173.85,16.486,19,0.61,11.486,5,15,20
114,5.1,76.5,92.55,6,0.85,77.55,15,15,5
115,5.92,76.96,76.7,8,0.74,76.7,0,13,4
116,1.28,11.52,20.284,4,0.32,1.283999999999999,19,9,16
117,9.62,125.06,10.616,13,0.74,9.616,1,13,11
118,3.68,62.56,8.734,16,0.23,3.734,5,17,18
119,2.56,25.6,19.59,4,0.64,2.59,17,10,14
120,3.18,38.16,22.204,6,0.53,3.2040000000000006,19,12,14
121,4.4,35.2,35.152,10,0.44,35.152,0,8,7
122,7.28,36.4,52.2,13,0.56,36.2,16,5,5
123,7.2,7.2,7.134,18,0.4,7.134,0,1,16
124,0.85,7.65,0.876,1,0.85,0.876,0,9,13
125,3.99,15.96,23.664,19,0.21,15.664000000000001,8,4,8
126,0.3,0.3,9.33,6,0.05,0.33000000000000007,9,1,5
127,3.5,70.0,17.53,14,0.25,3.530000000000001,14,20,20
128,6.0,18.0,22.974,10,0.6,5.974,17,3,16
129,11.2,78.4,89.386,20,0.56,78.386,11,7,9
130,5.46,32.76,9.426,13,0.42,5.426,4,6,20
131,2.52,35.28,42.112,6,0.42,35.112,7,14,5
132,13.86,13.86,30.848,18,0.77,13.847999999999999,17,1,10
133,13.68,95.76,29.728,19,0.72,13.728000000000002,16,7,18
134,13.94,0.0,24.898,17,0.82,13.898,11,0,12
135,3.4,64.6,20.562,17,0.2,3.562000000000001,17,19,12
136,9.75,107.25,119.888,15,0.65,107.888,12,11,5
137,1.28,1.28,12.29,4,0.32,1.2899999999999991,11,1,11
138,8.54,102.48,114.968,14,0.61,103.968,11,12,10
139,8.36,25.08,26.358,19,0.44,8.358,18,3,13
140,1.12,12.32,21.572,8,0.14,11.572,10,11,0
141,4.16,83.2,14.156,8,0.52,4.156000000000001,10,20,15
142,3.6,18.0,8.588,20,0.18,3.587999999999999,5,5,11
143,9.24,157.08,163.08,12,0.77,157.08,6,17,6
144,6.09,79.17,16.068,7,0.87,6.068000000000001,10,13,12
145,5.46,16.38,36.524,6,0.91,16.524,20,3,7
146,5.52,5.52,15.498,8,0.69,5.497999999999999,10,1,20
147,3.6,72.0,73.52,8,0.45,70.52,3,20,3
148,2.1,31.5,44.29,5,0.42,31.29,13,15,10
149,7.8,93.6,95.136,13,0.6,95.136,0,12,2
150,17.4,52.2,66.482,20,0.87,52.482,14,3,5
151,7.31,124.27,25.324,17,0.43,7.324000000000002,18,17,17
152,2.16,28.08,29.248,12,0.18,27.248,2,13,0
153,14.28,114.24,115.704,17,0.84,114.704,1,8,9
154,12.6,126.0,27.618,14,0.9,12.617999999999999,15,10,19
155,0.9,2.7,18.772,10,0.09,2.7719999999999985,16,3,5
156,3.6,39.6,18.478,6,0.6,3.4780000000000015,15,11,20
157,2.88,14.4,13.908,4,0.72,2.9079999999999995,11,5,15
158,8.37,0.0,21.382,9,0.93,8.382000000000001,13,0,20
159,0.42,1.26,13.344,7,0.06,1.3439999999999994,12,3,3
160,3.85,3.85,3.89,7,0.55,3.89,0,1,20
161,0.84,3.36,15.836,7,0.12,0.8360000000000003,15,4,12
162,3.19,51.04,65.424,11,0.29,51.42400000000001,14,16,1
163,10.08,141.12,160.42,18,0.56,140.42,20,14,8
164,15.81,31.62,31.464,17,0.93,31.464,0,2,5
165,13.3,79.8,32.332,19,0.7,13.332,19,6,17
166,1.95,27.3,11.152,13,0.15,2.1519999999999992,9,14,12
167,4.95,34.65,47.37,15,0.33,34.37,13,7,8
168,7.8,46.8,23.854,10,0.78,7.853999999999999,16,6,15
169,3.96,67.32,24.006,9,0.44,4.006,20,17,15
170,4.5,0.0,8.514,5,0.9,4.513999999999999,4,0,14
171,3.4,61.2,65.352,5,0.68,62.352000000000004,3,18,9
172,13.32,79.92,97.984,18,0.74,78.984,19,6,1
173,18.2,36.4,27.164,20,0.91,18.164,9,2,12
174,0.3,0.9,3.948,2,0.15,0.948,3,3,9
175,5.64,73.32,5.776,12,0.47,5.776,0,13,16
176,11.62,162.68,165.512,14,0.83,162.512,3,14,1
177,6.6,39.6,8.682,20,0.33,6.682,2,6,19
178,5.2,26.0,13.144,20,0.26,5.144,8,5,13
179,11.02,55.1,26.05,19,0.58,11.05,15,5,14
180,5.22,41.76,13.266,9,0.58,5.266,8,8,13
181,5.16,77.4,21.094,6,0.86,5.094000000000001,16,15,15
182,0.56,10.64,15.588,7,0.08,0.5879999999999992,15,19,14
183,5.44,0.0,20.0,17,0.32,0.0,20,0,6
184,0.81,13.77,30.328,3,0.27,13.328,17,17,4
185,0.51,6.63,26.864,3,0.17,6.864000000000001,20,13,5
186,2.53,20.24,24.656,11,0.23,20.656,4,8,2
187,4.73,42.57,58.354,11,0.43,42.354,16,9,5
188,1.76,15.84,31.534,16,0.11,15.533999999999999,16,9,1
189,9.15,73.2,23.164,15,0.61,9.164000000000001,14,8,14
190,4.26,29.82,45.596,6,0.71,29.595999999999997,16,7,10
191,5.04,15.12,15.98,18,0.28,4.98,11,3,15
192,1.35,24.3,20.366,15,0.09,1.3659999999999997,19,18,15
193,14.6,116.8,29.666,20,0.73,14.666,15,8,12
194,3.72,59.52,76.936,12,0.31,59.93600000000001,17,16,8
195,0.9,4.5,5.892,10,0.09,0.8920000000000003,5,5,14
196,1.62,14.58,27.436,3,0.54,14.436,13,9,10
197,8.4,168.0,190.0,14,0.6,170.0,20,20,5
198,0.5,7.5,11.59,1,0.5,7.59,4,15,0
199,10.2,142.8,150.972,20,0.51,139.972,11,14,4
200,1.17,9.36,24.232,3,0.39,9.232,15,8,2
201,2.28,4.56,5.408,19,0.12,4.408,1,2,8
202,12.35,222.3,32.35,13,0.95,12.350000000000001,20,18,11
203,0.07,1.26,9.064,1,0.07,0.06400000000000006,9,18,12
204,4.2,8.4,17.306,12,0.35,4.306000000000001,13,2,19
205,2.13,40.47,60.736,3,0.71,40.736,20,19,7
206,0.39,1.95,11.91,3,0.13,1.9100000000000001,10,5,9
207,5.12,102.4,20.152,16,0.32,5.152000000000001,15,20,14
208,1.23,19.68,8.2,3,0.41,1.1999999999999993,7,16,19
209,4.18,41.8,43.44,19,0.22,42.44,1,10,6
210,2.28,2.28,21.15,19,0.12,2.1499999999999986,19,1,11
211,0.42,0.42,6.462,1,0.42,0.46199999999999974,6,1,19
212,6.64,59.76,79.22,8,0.83,59.22,20,9,0
213,0.42,8.4,18.436,3,0.14,0.43599999999999994,18,20,11
214,0.53,3.71,23.836,1,0.53,3.8359999999999985,20,7,4
215,0.42,4.62,11.436,1,0.42,0.43599999999999994,11,11,19
216,13.92,278.4,14.944,16,0.87,13.944,1,20,17
217,0.24,4.8,14.4,1,0.24,4.4,10,20,6
218,5.76,92.16,17.728,18,0.32,5.7280000000000015,12,16,16
219,17.48,52.44,56.41,19,0.92,52.41,4,3,5
220,5.2,98.8,5.232,10,0.52,5.232,0,19,15
221,3.76,52.64,7.746,8,0.47,3.7460000000000004,4,14,17
222,0.51,1.53,16.47,3,0.17,1.4699999999999989,15,3,2
223,6.32,44.24,52.8,8,0.79,44.8,8,7,10
224,1.44,25.92,11.458,4,0.36,1.4580000000000002,10,18,19
225,2.34,4.68,11.372,9,0.26,2.372,9,2,13
226,0.62,11.16,23.512,1,0.62,10.512,13,18,0
227,2.79,41.85,41.4,9,0.31,41.4,0,15,0
228,5.95,23.8,32.816,17,0.35,23.816000000000003,9,4,8
229,9.92,168.64,9.986,16,0.62,9.986,0,17,12
230,3.0,39.0,48.676,12,0.25,39.676,9,13,6
231,3.68,66.24,76.528,16,0.23,66.528,10,18,2
232,16.38,180.18,194.114,18,0.91,180.114,14,11,3
233,4.2,42.0,53.78,15,0.28,41.78,12,10,7
234,5.94,106.92,22.878,11,0.54,5.878,17,18,19
235,1.65,21.45,10.738,11,0.15,1.7379999999999995,9,13,14
236,16.8,117.6,121.432,20,0.84,117.432,4,7,6
237,13.6,108.8,22.586,16,0.85,13.585999999999999,9,8,16
238,1.65,3.3,3.624,3,0.55,1.624,2,2,17
239,5.74,68.88,88.456,7,0.82,69.456,19,12,10
240,5.44,48.96,23.396,8,0.68,5.396000000000001,18,9,15
241,1.7,10.2,11.7,17,0.1,1.6999999999999993,10,6,16
242,2.4,16.8,26.912,5,0.48,16.912,10,7,10
243,2.52,37.8,21.602,18,0.14,2.6020000000000003,19,15,14
244,1.56,15.6,31.18,4,0.39,15.18,16,10,10
245,2.4,9.6,29.272,10,0.24,9.271999999999998,20,4,7
246,4.76,95.2,5.846,17,0.28,4.846,1,20,12
247,6.0,78.0,5.942,15,0.4,5.942,0,13,18
248,0.51,7.14,22.888,1,0.51,6.888000000000002,16,14,9
249,2.66,47.88,57.644,14,0.19,49.644,8,18,9
250,12.96,77.76,25.908,18,0.72,12.908000000000001,13,6,20
251,0.54,4.86,18.04,2,0.27,5.039999999999999,13,9,4
252,4.8,81.6,94.45,12,0.4,82.45,12,17,4
253,6.64,132.8,16.564,8,0.83,6.564,10,20,19
254,1.88,22.56,37.104,4,0.47,22.104,15,12,3
255,11.25,112.5,20.154,15,0.75,11.154,9,10,16
256,8.1,162.0,14.956,10,0.81,7.9559999999999995,7,20,14
257,10.26,92.34,111.6,18,0.57,93.6,18,9,9
258,3.6,64.8,6.526,9,0.4,3.526,3,18,19
259,0.7,0.0,7.0,7,0.1,0.0,7,0,0
260,12.18,219.24,16.278,14,0.87,12.277999999999999,4,18,15
261,6.4,57.6,74.996,10,0.64,57.995999999999995,17,9,5
262,2.01,34.17,54.204,3,0.67,34.204,20,17,6
263,4.56,50.16,4.51,6,0.76,4.51,0,11,17
264,0.8,12.8,25.28,4,0.2,13.280000000000001,12,16,7
265,0.82,13.12,1.828,2,0.41,0.8280000000000001,1,16,17
266,3.4,37.4,40.048,10,0.34,37.048,3,11,6
267,8.04,112.56,13.916,12,0.67,7.916,6,14,20
268,4.68,79.56,91.866,9,0.52,79.866,12,17,6
269,4.14,78.66,23.124,18,0.23,4.123999999999999,19,19,15
270,3.7,48.1,49.022,5,0.74,48.022,1,13,6
271,2.88,11.52,14.93,18,0.16,2.9299999999999997,12,4,18
272,4.13,45.43,20.11,7,0.59,4.109999999999999,16,11,15
273,0.72,6.48,2.712,9,0.08,0.7120000000000002,2,9,16
274,0.3,5.1,17.302,3,0.1,0.3019999999999996,17,17,11
275,0.38,1.9,20.38,2,0.19,0.379999999999999,20,5,19
276,8.76,157.68,15.712,12,0.73,8.712,7,18,12
277,9.38,84.42,90.112,14,0.67,86.112,4,9,6
278,3.08,3.08,12.982,11,0.28,2.9819999999999993,10,1,16
279,1.95,11.7,15.58,15,0.13,11.58,4,6,1
280,0.84,15.12,32.948,1,0.84,15.948,17,18,3
281,10.64,85.12,87.24,14,0.76,84.24,3,8,9
282,8.8,149.6,164.96,20,0.44,150.96,14,17,8
283,0.65,1.95,9.618,5,0.13,0.6180000000000003,9,3,17
284,9.94,188.86,9.972,14,0.71,9.972,0,19,18
285,2.94,5.88,24.932,14,0.21,5.931999999999999,19,2,8
286,14.1,197.4,32.07,15,0.94,14.07,18,14,18
287,2.5,5.0,13.076,10,0.25,5.0760000000000005,8,2,0
288,1.8,32.4,7.86,5,0.36,1.8600000000000003,6,18,16
289,8.96,179.2,24.854,14,0.64,8.854,16,20,12
290,12.15,97.2,18.19,15,0.81,12.190000000000001,6,8,16
291,3.1,3.1,3.154,10,0.31,3.154,0,1,8
292,8.1,121.5,138.15,15,0.54,120.15,18,15,3
293,6.12,67.32,14.19,12,0.51,6.1899999999999995,8,11,20
294,3.4,20.4,31.304,20,0.17,20.304,11,6,10
295,15.01,150.1,149.38,19,0.79,149.38,0,10,8
296,4.25,0.0,13.242,5,0.85,4.242000000000001,9,0,14
297,13.8,13.8,29.64,20,0.69,13.64,16,1,2
298,0.96,19.2,11.01,6,0.16,1.0099999999999998,10,20,11
299,13.77,110.16,121.36,17,0.81,111.36,10,8,7
300,2.1,16.8,7.136,7,0.3,2.136,5,8,11
301,1.84,22.08,9.86,4,0.46,1.8599999999999994,8,12,15
302,4.13,33.04,39.616,7,0.59,33.616,6,8,5
303,0.48,0.0,1.498,1,0.48,0.498,1,0,14
304,2.4,43.2,54.192,6,0.4,42.192,12,18,3
305,0.48,0.0,12.0,1,0.48,0.0,12,0,7
306,0.81,0.81,10.794,9,0.09,0.7940000000000005,10,1,2
307,3.92,66.64,76.558,7,0.56,67.558,9,17,5
308,1.15,10.35,20.148,5,0.23,1.1479999999999997,19,9,14
309,4.42,70.72,24.42,17,0.26,4.420000000000002,20,16,18
310,1.12,20.16,40.824,8,0.14,22.823999999999998,18,18,2
311,2.16,41.04,21.104,12,0.18,2.103999999999999,19,19,13
312,1.71,13.68,6.642,9,0.19,1.6420000000000003,5,8,19
313,6.48,71.28,87.422,12,0.54,70.422,17,11,7
314,1.98,7.92,5.966,6,0.33,1.9660000000000002,4,4,18
315,7.2,86.4,91.432,15,0.48,87.432,4,12,2
316,3.6,25.2,14.59,15,0.24,3.59,11,7,14
317,0.94,10.34,16.88,2,0.47,0.879999999999999,16,11,16
318,8.1,64.8,81.072,10,0.81,65.072,16,8,7
319,10.2,71.4,76.82,17,0.6,71.82,5,7,8
320,18.8,263.2,26.894,20,0.94,18.894,8,14,12
321,4.48,49.28,60.95,14,0.32,48.95,12,11,10
322,4.2,0.0,11.0,5,0.84,0.0,11,0,0
323,1.08,11.88,23.122,9,0.12,12.122,11,11,2
324,2.58,12.9,23.95,3,0.86,12.95,11,5,10
325,2.86,51.48,50.94,11,0.26,50.94,0,18,7
326,7.11,113.76,112.8,9,0.79,112.8,0,16,6
327,0.87,7.83,7.938,3,0.29,7.938,0,9,8
328,3.3,9.9,21.336,11,0.3,3.3359999999999985,18,3,13
329,2.86,20.02,5.92,11,0.26,2.92,3,7,14
330,12.96,116.64,134.154,16,0.81,116.154,18,9,8
331,7.5,75.0,81.36,15,0.5,75.36,6,10,2
332,5.58,5.58,25.616,6,0.93,5.616,20,1,9
333,7.84,94.08,12.818,14,0.56,7.818,5,12,19
334,1.44,17.28,22.856,4,0.36,17.856,5,12,10
335,2.94,35.28,43.64,6,0.49,35.64,8,12,5
336,2.37,16.59,34.212,3,0.79,16.212000000000003,18,7,6
337,2.52,5.04,13.6,14,0.18,2.5999999999999996,11,2,20
338,4.2,67.2,16.182,12,0.35,4.181999999999999,12,16,17
339,0.58,5.8,10.602,1,0.58,0.6020000000000003,10,10,16
340,3.48,34.8,14.48,12,0.29,3.4800000000000004,11,10,14
341,8.58,51.48,60.336,11,0.78,51.336,9,6,9
342,10.24,204.8,205.76,16,0.64,202.76,3,20,5
343,14.63,248.71,266.302,19,0.77,248.30200000000002,18,17,7
344,4.29,38.61,23.314,13,0.33,4.314,19,9,13
345,4.88,43.92,6.734,8,0.61,4.734,2,9,11
346,3.99,0.0,13.022,19,0.21,4.022,9,0,14
347,1.14,13.68,14.464,19,0.06,13.464,1,12,1
348,1.7,10.2,12.648,17,0.1,9.648,3,6,9
349,0.78,11.7,13.778,2,0.39,0.7780000000000005,13,15,12
350,11.96,227.24,239.278,13,0.92,227.278,12,19,10
351,4.48,89.6,14.428,8,0.56,4.428000000000001,10,20,19
352,0.96,7.68,17.936,4,0.24,7.936,10,8,7
353,3.92,74.48,90.846,7,0.56,72.846,18,19,6
354,3.69,70.11,7.692,9,0.41,3.692,4,19,17
355,5.95,89.25,19.996,17,0.35,5.995999999999999,14,15,18
356,0.75,11.25,31.27,5,0.15,12.27,19,15,6
357,7.2,115.2,119.096,12,0.6,116.096,3,16,0
358,1.36,25.84,12.342,8,0.17,1.3420000000000005,11,19,20
359,9.36,131.04,148.32,12,0.78,131.32,17,14,0
360,5.58,22.32,32.152,18,0.31,22.152,10,4,4
361,5.4,10.8,9.466,10,0.54,5.465999999999999,4,2,19
362,0.35,2.1,5.064,5,0.07,2.064,3,6,4
363,1.26,18.9,22.57,2,0.63,18.57,4,15,8
364,3.64,3.64,19.624,4,0.91,3.6239999999999988,16,1,20
365,3.12,12.48,19.008,12,0.26,12.008,7,4,4
366,0.32,4.48,15.318,2,0.16,0.3179999999999996,15,14,14
367,0.36,2.16,3.356,3,0.12,0.35599999999999987,3,6,16
368,11.05,11.05,14.094,17,0.65,11.094,3,1,6
369,10.27,0.0,13.258,13,0.79,10.258,3,0,18
370,10.65,170.4,182.448,15,0.71,172.448,10,16,1
371,2.8,44.8,13.826,5,0.56,2.8260000000000005,11,16,11
372,9.35,37.4,49.2,11,0.85,37.2,12,4,0
373,4.8,86.4,11.764,15,0.32,4.763999999999999,7,18,19
374,0.69,2.76,17.72,1,0.69,2.719999999999999,15,4,8
375,3.57,57.12,78.336,17,0.21,58.336,20,16,5
376,7.8,124.8,15.888,13,0.6,7.888,8,16,20
377,12.3,135.3,23.3,15,0.82,12.3,11,11,18
378,4.05,0.0,17.08,15,0.27,4.079999999999998,13,0,18
379,3.06,39.78,12.974,18,0.17,2.974,10,13,13
380,2.89,5.78,19.62,17,0.17,5.620000000000001,14,2,4
381,9.68,183.92,22.692,11,0.88,9.692,13,19,12
382,1.17,0.0,8.0,3,0.39,0.0,8,0,2
383,6.2,80.6,13.37,20,0.31,6.369999999999999,7,13,19
384,2.6,33.8,42.254,10,0.26,33.254,9,13,5
385,3.36,23.52,4.392,6,0.56,3.3920000000000003,1,7,12
386,6.72,87.36,103.738,12,0.56,88.738,15,13,4
387,5.76,34.56,21.792,18,0.32,5.792000000000002,16,6,19
388,13.35,93.45,94.08,15,0.89,94.08,0,7,10
389,1.1,6.6,6.116,10,0.11,1.1159999999999997,5,6,16
390,12.46,236.74,243.436,14,0.89,236.436,7,19,3
391,7.67,122.72,9.798,13,0.59,7.798,2,16,13
392,2.8,33.6,7.688,14,0.2,2.6879999999999997,5,12,19
393,1.4,15.4,9.398,5,0.28,1.3979999999999997,8,11,12
394,3.0,21.0,8.928,5,0.6,2.928000000000001,6,7,13
395,3.77,45.24,62.248,13,0.29,46.248,16,12,3
396,2.4,24.0,14.386,6,0.4,2.3859999999999992,12,10,16
397,10.22,173.74,21.278,14,0.73,10.277999999999999,11,17,12
398,6.4,128.0,17.514,10,0.64,6.513999999999999,11,20,14
399,0.31,5.58,9.752,1,0.31,4.752000000000001,5,18,5
400,0.86,9.46,8.896,2,0.43,0.8960000000000008,8,11,11
401,2.72,38.08,48.144,4,0.68,39.144,9,14,8
402,1.68,25.2,41.92,14,0.12,25.92,16,15,2
403,1.6,16.0,33.82,2,0.8,15.82,18,10,4
404,9.44,113.28,129.544,16,0.59,113.54400000000001,16,12,6
405,2.66,34.58,44.736,19,0.14,34.736,10,13,8
406,2.82,36.66,2.814,6,0.47,2.814,0,13,17
407,1.36,23.12,16.31,17,0.08,1.3099999999999987,15,17,11
408,9.31,93.1,110.5,19,0.49,93.5,17,10,2
409,1.69,33.8,8.694,13,0.13,1.6940000000000008,7,20,14
410,9.38,93.8,103.6,14,0.67,92.6,11,10,4
411,1.65,31.35,2.604,3,0.55,1.604,1,19,18
412,1.24,18.6,27.75,4,0.31,18.75,9,15,2
413,4.45,84.55,83.448,5,0.89,83.448,0,19,5
414,4.05,72.9,6.046,15,0.27,4.046,2,18,16
415,1.8,30.6,14.772,9,0.2,1.7720000000000002,13,17,12
416,14.88,59.52,64.272,16,0.93,59.272000000000006,5,4,0
417,17.0,119.0,24.918,20,0.85,16.918,8,7,18
418,15.3,122.4,28.368,17,0.9,15.367999999999999,13,8,15
419,9.4,103.4,121.728,20,0.47,101.728,20,11,8
420,2.16,25.92,19.104,4,0.54,2.103999999999999,17,12,13
421,3.15,28.35,35.972,7,0.45,27.972,8,9,0
422,5.52,11.04,24.53,12,0.46,5.530000000000001,19,2,12
423,4.25,76.5,4.19,5,0.85,4.19,0,18,14
424,12.16,109.44,20.204,19,0.64,12.204,8,9,14
425,16.72,250.8,253.98,19,0.88,250.98,3,15,5
426,2.31,20.79,6.35,3,0.77,2.3499999999999996,4,9,16
427,2.03,2.03,8.104,7,0.29,2.103999999999999,6,1,6
428,0.84,12.6,7.83,12,0.07,0.8300000000000001,7,15,16
429,1.0,6.0,4.994,5,0.2,0.9939999999999998,4,6,11
430,6.6,46.2,26.69,11,0.6,6.690000000000001,20,7,12
431,2.96,14.8,33.85,4,0.74,14.850000000000001,19,5,9
432,4.95,39.6,48.16,11,0.45,40.16,8,8,3
433,8.26,165.2,181.48,14,0.59,166.48,15,20,1
434,0.55,3.85,5.06,1,0.55,4.06,1,7,8
435,6.66,33.3,43.32,9,0.74,33.32,10,5,2
436,8.8,105.6,10.818,10,0.88,8.818,2,12,18
437,7.2,72.0,74.56,12,0.6,72.56,2,10,7
438,2.52,47.88,22.454,9,0.28,2.4540000000000006,20,19,12
439,16.6,332.0,349.8,20,0.83,331.8,18,20,9
440,4.5,13.5,23.566,5,0.9,13.565999999999999,10,3,0
441,19.0,57.0,64.024,20,0.95,57.024,7,3,10
442,4.68,74.88,18.592,13,0.36,4.591999999999999,14,16,11
443,3.8,3.8,6.756,5,0.76,3.7560000000000002,3,1,8
444,3.76,37.6,15.754,4,0.94,3.7539999999999996,12,10,20
445,14.04,280.8,287.4,18,0.78,282.4,5,20,5
446,9.01,144.16,161.528,17,0.53,146.528,15,16,4
447,6.3,113.4,121.86,15,0.42,112.86,9,18,6
448,13.87,166.44,168.704,19,0.73,166.704,2,12,10
449,4.76,71.4,12.782,17,0.28,4.782,8,15,17
450,4.8,28.8,47.896,20,0.24,28.896,19,6,0
451,12.42,211.14,18.478,18,0.69,12.478000000000002,6,17,13
452,2.55,25.5,19.544,3,0.85,2.5440000000000005,17,10,18
453,5.34,16.02,22.044,6,0.89,16.044,6,3,4
454,6.71,20.13,22.986,11,0.61,19.986,3,3,2
455,1.6,17.6,34.512,16,0.1,17.512,17,11,9
456,11.4,57.0,65.68,20,0.57,56.68000000000001,9,5,0
457,13.35,13.35,22.29,15,0.89,13.29,9,1,17
458,1.02,12.24,19.036,3,0.34,1.0360000000000014,18,12,18
459,6.8,108.8,25.852,8,0.85,6.852,19,16,13
460,7.6,121.6,12.574,10,0.76,7.574,5,16,20
461,6.08,60.8,70.64,8,0.76,59.64,11,10,3
462,4.27,68.32,10.28,7,0.61,4.279999999999999,6,16,13
463,7.79,124.64,143.872,19,0.41,123.87200000000001,20,16,10
464,1.62,1.62,7.66,3,0.54,1.6600000000000001,6,1,7
465,1.3,5.2,10.316,13,0.1,1.3160000000000007,9,4,20
466,0.45,4.05,21.212,9,0.05,4.212,17,9,10
467,2.52,42.84,21.518,3,0.84,2.5180000000000007,19,17,16
468,2.79,47.43,49.906,9,0.31,47.906,2,17,7
469,5.51,27.55,44.67,19,0.29,27.67,17,5,8
470,9.75,156.0,25.846,15,0.65,9.846,16,16,19
471,0.63,4.41,3.638,7,0.09,0.6379999999999999,3,7,16
472,10.83,184.11,22.764,19,0.57,10.764,12,17,13
473,3.6,10.8,19.638,12,0.3,3.6380000000000017,16,3,15
474,2.21,30.94,40.144,17,0.13,32.144,8,14,4
475,8.84,123.76,143.012,17,0.52,124.012,19,14,5
476,16.72,33.44,46.268,19,0.88,33.268,13,2,1
477,0.66,12.54,17.708,3,0.22,0.7079999999999984,17,19,16
478,1.68,15.12,26.516,7,0.24,15.515999999999998,11,9,1
479,12.8,243.2,254.87,20,0.64,241.87,13,19,9
480,10.24,10.24,24.118,16,0.64,10.117999999999999,14,1,0
481,0.73,9.49,16.996,1,0.73,8.995999999999999,8,13,2
482,8.4,126.0,144.21,10,0.84,126.21000000000001,18,15,1
483,6.84,34.2,13.88,19,0.36,6.880000000000001,7,5,18
484,8.84,106.08,115.216,13,0.68,105.216,10,12,10
485,3.33,33.3,50.0,9,0.37,32.0,18,10,8
486,1.96,0.0,15.854,14,0.14,1.8539999999999992,14,0,11
487,2.16,21.6,30.84,4,0.54,21.84,9,10,3
488,4.75,19.0,22.772,5,0.95,4.7719999999999985,18,4,15
489,1.32,13.2,28.92,2,0.66,12.920000000000002,16,10,5
490,1.61,28.98,48.044,7,0.23,28.043999999999997,20,18,9
491,3.6,68.4,73.046,15,0.24,69.046,4,19,8
492,6.24,12.48,25.488,8,0.78,12.488,13,2,5
493,8.47,8.47,24.522,11,0.77,8.521999999999998,16,1,3
494,1.35,0.0,2.286,3,0.45,1.286,1,0,12
495,1.16,10.44,13.224,2,0.58,10.224,3,9,7
496,4.64,32.48,20.656,16,0.29,4.655999999999999,16,7,16
497,1.12,21.28,19.058,14,0.08,1.0579999999999998,18,19,16
498,9.8,78.4,94.736,20,0.49,78.736,16,8,7
499,10.2,71.4,88.128,15,0.68,72.128,16,7,1
500,4.42,35.36,47.808,17,0.26,35.808,12,8,5
501,4.75,57.0,64.456,19,0.25,57.456,7,12,8
502,2.25,15.75,7.252,5,0.45,2.252,5,7,18
503,2.48,47.12,9.414,4,0.62,2.4139999999999997,7,19,12
504,14.79,103.53,118.782,17,0.87,103.782,15,7,2
505,10.71,85.68,97.488,17,0.63,85.488,12,8,4
506,2.7,2.7,20.758,9,0.3,2.757999999999999,18,1,19
507,7.1,49.7,18.07,10,0.71,7.07,11,7,19
508,2.73,19.11,8.722,3,0.91,2.7219999999999995,6,7,17
509,0.96,6.72,18.922,3,0.32,0.9220000000000006,18,7,16
510,2.17,19.53,9.31,7,0.31,2.3100000000000005,7,9,17
511,3.9,27.3,38.124,15,0.26,26.124000000000002,12,7,3
512,9.52,190.4,11.572,14,0.68,9.572,2,20,16
513,3.2,25.6,38.408,5,0.64,25.408,13,8,7
514,4.2,79.8,14.108,20,0.21,4.1080000000000005,10,19,12
515,1.32,26.4,44.28,11,0.12,27.28,17,20,1
516,13.02,208.32,14.02,14,0.93,13.02,1,16,16
517,3.74,71.06,83.618,11,0.34,72.618,11,19,2
518,9.3,65.1,14.304,15,0.62,9.304,5,7,12
519,3.42,17.1,17.392,9,0.38,3.3919999999999995,14,5,20
520,1.92,24.96,31.948,12,0.16,25.948,6,13,3
521,1.12,19.04,19.734,16,0.07,18.734,1,17,8
522,0.49,6.37,15.482,7,0.07,0.4819999999999993,15,13,17
523,1.5,10.5,24.192,15,0.1,10.192,14,7,4
524,7.47,134.46,152.144,9,0.83,135.144,17,18,5
525,3.04,54.72,4.986,8,0.38,2.9859999999999998,2,18,12
526,0.48,1.44,16.56,3,0.16,1.5599999999999987,15,3,2
527,2.64,10.56,8.626,3,0.88,2.6259999999999994,6,4,17
528,0.82,10.66,17.712,2,0.41,10.712,7,13,2
529,3.36,6.72,24.836,4,0.84,6.8359999999999985,18,2,2
530,2.07,20.7,22.126,9,0.23,2.1260000000000012,20,10,14
531,4.42,53.04,10.508,13,0.34,4.507999999999999,6,12,17
532,0.63,3.78,4.948,7,0.09,3.9480000000000004,1,6,10
533,5.39,102.41,102.296,11,0.49,102.296,0,19,0
534,10.88,21.76,24.012,16,0.68,11.012,13,2,12
535,0.94,3.76,12.808,1,0.94,3.808,9,4,0
536,1.44,10.08,23.842,8,0.18,9.841999999999999,14,7,3
537,1.8,36.0,54.88,6,0.3,36.88,18,20,2
538,1.74,13.92,28.824,2,0.87,13.824000000000002,15,8,0
539,9.23,175.37,14.142,13,0.71,9.142,5,19,20
540,6.02,66.22,66.286,7,0.86,66.286,0,11,2
541,8.12,24.36,22.106,14,0.58,8.106000000000002,14,3,12
542,11.7,11.7,28.77,13,0.9,11.77,17,1,9
543,0.7,12.6,25.744,1,0.7,12.744,13,18,7
544,6.84,13.68,25.798,9,0.76,6.797999999999998,19,2,17
545,13.2,0.0,20.0,15,0.88,0.0,20,0,4
546,14.06,84.36,101.492,19,0.74,84.492,17,6,2
547,0.54,10.8,23.36,6,0.09,10.36,13,20,5
548,2.7,2.7,12.676,6,0.45,2.676,10,1,17
549,15.77,157.7,169.54,19,0.83,157.54,12,10,3
550,4.27,0.0,8.0,7,0.61,0.0,8,0,7
551,1.4,0.0,8.4,4,0.35,1.4000000000000004,7,0,14
552,7.1,63.9,82.278,10,0.71,64.278,18,9,2
553,6.93,83.16,85.92,9,0.77,82.92,3,12,6
554,0.49,6.37,9.63,1,0.49,6.630000000000001,3,13,7
555,3.04,54.72,22.034,8,0.38,3.033999999999999,19,18,18
556,5.4,102.6,8.396,10,0.54,5.396000000000001,3,19,20
557,0.34,6.12,22.372,2,0.17,6.372,16,18,9
558,2.28,29.64,2.23,4,0.57,2.23,0,13,19
559,16.0,16.0,24.948,20,0.8,15.948,9,1,1
560,8.71,26.13,19.71,13,0.67,8.71,11,3,20
561,0.78,3.9,18.778,1,0.78,0.7779999999999987,18,5,16
562,1.92,30.72,42.56,12,0.16,30.560000000000002,12,16,9
563,6.96,48.72,63.252,12,0.58,49.252,14,7,4
564,1.92,36.48,4.934,3,0.64,1.9340000000000002,3,19,13
565,4.2,67.2,79.792,20,0.21,65.792,14,16,2
566,2.03,14.21,5.968,7,0.29,1.968,4,7,15
567,0.54,7.56,18.554,1,0.54,0.5539999999999985,18,14,19
568,11.34,181.44,12.434,18,0.63,11.434,1,16,20
569,6.12,79.56,84.638,9,0.68,79.638,5,13,5
570,8.37,8.37,28.444,9,0.93,8.443999999999999,20,1,3
571,4.18,58.52,63.056,19,0.22,56.056,7,14,1
572,13.05,0.0,5.0,15,0.87,0.0,5,0,8
573,1.95,3.9,11.016,5,0.39,4.016,7,2,8
574,12.06,60.3,20.998,18,0.67,11.998000000000001,9,5,18
575,3.6,68.4,10.636,5,0.72,3.6359999999999992,7,19,15
576,12.2,122.0,137.94,20,0.61,121.94,16,10,0
577,0.43,0.43,10.426,1,0.43,0.42600000000000016,10,1,13
578,9.88,128.44,145.986,19,0.52,128.986,17,13,2
579,0.14,0.42,15.39,1,0.14,0.39000000000000057,15,3,2
580,0.16,0.64,9.584,2,0.08,0.5839999999999996,9,4,4
581,18.0,198.0,216.252,20,0.9,197.252,19,11,8
582,3.2,16.0,7.144,5,0.64,3.144,4,5,11
583,2.79,36.27,11.786,3,0.93,2.7859999999999996,9,13,19
584,10.2,132.6,22.398,20,0.51,10.398,12,13,13
585,5.52,88.32,16.516,8,0.69,5.515999999999998,11,16,11
586,1.74,29.58,46.43,6,0.29,30.43,16,17,4
587,17.48,87.4,103.21,19,0.92,87.21,16,5,2
588,11.84,213.12,223.76,16,0.74,212.76,11,18,9
589,5.22,99.18,15.13,9,0.58,5.130000000000001,10,19,13
590,0.9,15.3,31.028,15,0.06,15.027999999999999,16,17,2
591,15.3,290.7,29.374,18,0.85,15.373999999999999,14,19,17
592,14.2,85.2,103.612,20,0.71,84.612,19,6,5
593,7.11,135.09,142.038,9,0.79,133.038,9,19,10
594,4.42,57.46,18.402,13,0.34,4.402000000000001,14,13,16
595,3.36,40.32,6.332,12,0.28,3.332,3,12,11
596,6.86,0.0,4.0,14,0.49,0.0,4,0,0
597,4.16,45.76,6.236,8,0.52,4.236,2,11,14
598,7.14,135.66,136.8,17,0.42,136.8,0,19,3
599,1.12,20.16,8.188,8,0.14,1.1880000000000006,7,18,15
600,4.26,12.78,30.822,6,0.71,12.822,18,3,8
601,5.53,66.36,22.534,7,0.79,5.533999999999999,17,12,17
602,4.13,33.04,45.04,7,0.59,33.04,12,8,8
603,2.6,18.2,4.628,20,0.13,2.628,2,7,14
604,2.8,42.0,14.868,8,0.35,2.8680000000000003,12,15,20
605,5.58,16.74,18.524,18,0.31,5.524000000000001,13,3,13
606,0.74,12.58,19.72,1,0.74,0.7199999999999989,19,17,18
607,1.32,7.92,25.932,12,0.11,7.931999999999999,18,6,3
608,0.44,4.4,14.446,1,0.44,0.44599999999999973,14,10,14
609,3.24,16.2,20.172,9,0.36,3.1720000000000006,17,5,11
610,5.18,82.88,12.138,7,0.74,5.138,7,16,20
611,5.76,5.76,13.744,9,0.64,5.744,8,1,14
612,0.6,9.6,3.634,10,0.06,0.6339999999999999,3,16,12
613,6.3,119.7,16.316,7,0.9,6.315999999999999,10,19,13
614,0.6,9.0,16.564,1,0.6,0.5640000000000001,16,15,17
615,11.36,56.8,29.328,16,0.71,11.328,18,5,12
616,6.32,113.76,126.652,8,0.79,113.652,13,18,10
617,0.27,2.43,20.256,1,0.27,0.2560000000000002,20,9,16
618,12.75,165.75,31.794,15,0.85,12.794,19,13,13
619,12.8,230.4,238.076,16,0.8,230.076,8,18,8
620,4.76,47.6,48.72,14,0.34,48.72,0,10,5
621,11.16,178.56,21.22,18,0.62,11.219999999999999,10,16,15
622,1.5,3.0,9.988,5,0.3,2.9879999999999995,7,2,7
623,7.84,0.0,9.852,16,0.49,7.852,2,0,13
624,2.58,36.12,20.6,6,0.43,2.6000000000000014,18,14,18
625,8.85,123.9,133.312,15,0.59,123.31200000000001,10,14,3
626,5.4,64.8,72.112,9,0.6,65.112,7,12,10
627,16.92,203.04,29.894,18,0.94,16.894,13,12,18
628,9.36,56.16,60.1,18,0.52,56.1,4,6,7
629,5.61,112.2,112.76,11,0.51,111.76,1,20,4
630,8.28,165.6,22.254,9,0.92,8.254000000000001,14,20,12
631,10.14,10.14,26.216,13,0.78,10.216000000000001,16,1,1
632,11.39,91.12,91.736,17,0.67,90.736,1,8,0
633,4.74,0.0,19.0,6,0.79,0.0,19,0,3
634,10.26,153.9,19.18,18,0.57,10.18,9,15,16
635,1.29,10.32,18.352,3,0.43,10.352,8,8,9
636,1.8,34.2,1.936,20,0.09,1.936,0,19,12
637,5.22,46.98,63.278,9,0.58,46.278,17,9,1
638,2.32,23.2,5.322,8,0.29,2.322,3,10,13
639,0.54,5.4,14.66,9,0.06,4.66,10,10,1
640,1.8,28.8,13.832,18,0.1,1.8320000000000007,12,16,18
641,13.05,169.65,181.066,15,0.87,170.066,11,13,8
642,8.93,133.95,149.85,19,0.47,134.85,15,15,1
643,11.2,67.2,78.948,20,0.56,66.948,12,6,1
644,6.6,6.6,20.636,12,0.55,6.635999999999999,14,1,13
645,11.73,234.6,236.84,17,0.69,233.84,3,20,4
646,1.44,21.6,3.36,6,0.24,1.3599999999999999,2,15,11
647,0.99,2.97,21.706,3,0.33,2.7059999999999995,19,3,9
648,12.6,201.6,16.608,15,0.84,12.608,4,16,11
649,5.2,78.0,10.294,20,0.26,5.2940000000000005,5,15,19
650,3.64,65.52,73.268,4,0.91,65.268,8,18,0
651,2.68,13.4,4.746,4,0.67,2.7460000000000004,2,5,14
652,6.56,52.48,54.12,8,0.82,53.12,1,8,2
653,1.74,24.36,20.734,3,0.58,1.7340000000000018,19,14,11
654,1.84,23.92,15.868,2,0.92,1.8680000000000003,14,13,18
655,13.11,209.76,214.344,19,0.69,209.344,5,16,10
656,7.74,69.66,21.722,9,0.86,7.722000000000001,14,9,11
657,4.72,70.8,14.68,8,0.59,4.68,10,15,13
658,0.27,4.32,12.25,1,0.27,0.25,12,16,12
659,4.32,47.52,53.432,8,0.54,47.432,6,11,4
660,4.41,44.1,12.416,9,0.49,4.416,8,10,17
661,1.54,26.18,18.528,14,0.11,1.5279999999999987,17,17,20
662,5.44,70.72,82.578,16,0.34,71.578,11,13,2
663,12.15,145.8,12.288,15,0.81,12.288,0,12,19
664,1.17,14.04,19.232,9,0.13,14.232,5,12,3
665,3.35,10.05,14.026,5,0.67,10.026,4,3,8
666,1.9,26.6,7.98,5,0.38,1.9800000000000004,6,14,12
667,0.56,5.04,5.536,1,0.56,0.5359999999999996,5,9,17
668,17.2,326.8,342.914,20,0.86,326.914,16,19,4
669,2.4,21.6,18.378,4,0.6,2.378,16,9,11
670,17.48,157.32,26.39,19,0.92,17.39,9,9,20
671,1.1,7.7,15.63,2,0.55,7.630000000000001,8,7,9
672,7.48,37.4,38.2,17,0.44,37.2,1,5,9
673,1.2,8.4,19.596,20,0.06,8.596,11,7,0
674,11.04,121.44,133.848,16,0.69,122.84800000000001,11,11,5
675,2.24,6.72,11.274,7,0.32,2.273999999999999,9,3,13
676,1.04,12.48,18.168,13,0.08,12.168,6,12,0
677,7.0,49.0,17.896,10,0.7,6.896000000000001,11,7,18
678,2.32,0.0,17.0,4,0.58,0.0,17,0,0
679,3.78,37.8,17.62,18,0.21,3.620000000000001,14,10,11
680,12.42,136.62,16.444,18,0.69,12.443999999999999,4,11,17
681,1.56,26.52,4.508,3,0.52,1.508,3,17,13
682,2.87,17.22,25.232,7,0.41,17.232,8,6,5
683,3.05,24.4,38.448,5,0.61,24.448,14,8,6
684,0.35,3.85,8.894,5,0.07,3.894,5,11,4
685,3.69,7.38,20.77,9,0.41,3.7699999999999996,17,2,20
686,5.25,0.0,15.0,7,0.75,0.0,15,0,0
687,0.72,5.04,6.236,2,0.36,5.236,1,7,7
688,2.94,55.86,73.416,6,0.49,54.416,19,19,7
689,14.28,285.6,307.84,17,0.84,287.84,20,20,0
690,7.28,72.8,10.296,8,0.91,7.295999999999999,3,10,13
691,14.82,118.56,32.86,19,0.78,14.86,18,8,12
692,1.65,9.9,7.704,11,0.15,1.7039999999999997,6,6,18
693,0.68,2.04,0.696,4,0.17,0.696,0,3,13
694,5.5,110.0,124.04,10,0.55,110.04,14,20,3
695,1.92,23.04,29.344,3,0.64,22.344,7,12,1
696,15.98,287.64,293.568,17,0.94,287.568,6,18,4
697,1.36,5.44,22.392,17,0.08,5.3919999999999995,17,4,4
698,14.25,156.75,172.256,15,0.95,157.256,15,11,4
699,4.95,34.65,15.934,11,0.45,4.933999999999999,11,7,17
700,12.8,38.4,40.376,16,0.8,38.376,2,3,4
701,4.96,84.32,101.524,16,0.31,84.524,17,17,5
702,0.66,4.62,7.9,11,0.06,4.9,3,7,10
703,3.2,60.8,61.94,10,0.32,61.94,0,19,0
704,1.21,24.2,43.8,11,0.11,24.799999999999997,19,20,2
705,1.35,10.8,11.34,3,0.45,1.3399999999999999,10,8,12
706,0.06,0.48,10.046,1,0.06,0.045999999999999375,10,8,15
707,3.6,68.4,18.558,12,0.3,3.558,15,19,18
708,4.0,80.0,93.44,5,0.8,79.44,14,20,1
709,5.59,16.77,34.076,13,0.43,17.076,17,3,2
710,9.2,64.4,70.086,20,0.46,65.086,5,7,7
711,12.9,245.1,259.126,15,0.86,246.12599999999998,13,19,9
712,8.4,42.0,48.14,12,0.7,42.14,6,5,3
713,6.16,98.56,16.164,7,0.88,6.1640000000000015,10,16,17
714,5.76,80.64,97.312,8,0.72,81.312,16,14,2
715,3.9,11.7,28.286,13,0.3,11.286000000000001,17,3,2
716,3.18,3.18,9.182,6,0.53,3.1820000000000004,6,1,15
717,0.51,6.63,23.864,1,0.51,6.864000000000001,17,13,0
718,5.4,37.8,56.024,6,0.9,38.024,18,7,0
719,2.01,26.13,26.74,3,0.67,25.74,1,13,0
720,11.28,90.24,21.26,12,0.94,11.260000000000002,10,8,12
721,6.24,87.36,19.168,12,0.52,6.167999999999999,13,14,13
722,1.45,5.8,6.848,5,0.29,5.848,1,4,8
723,13.4,0.0,10.0,20,0.67,0.0,10,0,1
724,6.32,6.32,14.318,8,0.79,6.318,8,1,0
725,4.32,8.64,20.146,12,0.36,4.146000000000001,16,2,19
726,0.21,0.84,4.22,3,0.07,0.21999999999999975,4,4,19
727,2.21,37.57,53.162,13,0.17,37.162,16,17,8
728,9.72,145.8,18.676,18,0.54,9.675999999999998,9,15,15
729,0.5,8.5,18.522,1,0.5,0.5219999999999985,18,17,16
730,2.86,42.9,45.41,11,0.26,43.41,2,15,10
731,6.93,13.86,13.832,11,0.63,13.832,0,2,0
732,0.3,5.4,20.184,6,0.05,5.184000000000001,15,18,1
733,10.08,90.72,28.012,14,0.72,10.012,18,9,13
734,12.92,219.64,27.832,19,0.68,12.832,15,17,16
735,10.5,84.0,25.546,14,0.75,10.546,15,8,13
736,0.74,2.22,7.184,2,0.37,2.184,5,3,2
737,3.36,36.96,15.368,12,0.28,3.3680000000000003,12,11,19
738,5.84,29.2,20.872,8,0.73,5.872,15,5,14
739,1.52,9.12,16.616,4,0.38,8.616,8,6,10
740,12.16,218.88,232.064,19,0.64,215.064,17,18,4
741,4.4,88.0,13.258,10,0.44,4.257999999999999,9,20,15
742,1.2,16.8,4.232,5,0.24,1.2320000000000002,3,14,19
743,6.9,103.5,16.886,10,0.69,6.885999999999999,10,15,20
744,16.02,16.02,32.028,18,0.89,16.028,16,1,10
745,0.67,10.05,17.87,1,0.67,9.870000000000001,8,15,5
746,5.04,25.2,5.968,18,0.28,4.968,1,5,16
747,10.08,141.12,14.062,18,0.56,10.062,4,14,20
748,3.41,0.0,17.0,11,0.31,0.0,17,0,10
749,5.25,42.0,42.68,7,0.75,41.68,1,8,9
750,3.15,0.0,16.0,5,0.63,0.0,16,0,10
751,5.95,17.85,37.772,17,0.35,17.772,20,3,9
752,0.44,4.4,20.4,1,0.44,0.3999999999999986,20,10,11
753,3.4,0.0,1.0,20,0.17,0.0,1,0,8
754,14.25,71.25,29.322,15,0.95,14.322,15,5,15
755,6.89,13.78,26.676,13,0.53,13.675999999999998,13,2,6
756,16.15,209.95,17.048,19,0.85,16.048,1,13,15
757,4.64,78.88,17.634,8,0.58,4.634,13,17,11
758,1.65,8.25,19.626,11,0.15,1.6260000000000012,18,5,12
759,2.24,13.44,23.296,4,0.56,13.296,10,6,1
760,11.44,45.76,16.464,13,0.88,11.463999999999999,5,4,15
761,7.37,110.55,25.364,11,0.67,7.364000000000001,18,15,19
762,8.45,42.25,50.57,13,0.65,42.57,8,5,10
763,0.4,1.6,18.568,5,0.08,1.5680000000000014,17,4,10
764,12.73,114.57,26.742,19,0.67,12.742,14,9,13
765,11.16,78.12,95.106,12,0.93,78.106,17,7,9
766,0.72,12.96,22.888,6,0.12,12.888000000000002,10,18,6
767,0.45,7.2,11.688,5,0.09,6.688000000000001,5,16,2
768,2.95,53.1,5.876,5,0.59,2.8760000000000003,3,18,14
769,1.74,12.18,30.718,6,0.29,11.718,19,7,1
770,5.1,96.9,23.136,15,0.34,5.135999999999999,18,19,20
771,2.0,8.0,18.36,8,0.25,8.36,10,4,1
772,0.24,4.56,10.054,1,0.24,5.054,5,19,2
773,2.52,22.68,39.752,18,0.14,22.752000000000002,17,9,10
774,1.12,3.36,10.14,14,0.08,1.1400000000000006,9,3,16
775,3.6,14.4,31.392,6,0.6,14.392,17,4,5
776,8.54,34.16,23.528,14,0.61,8.527999999999999,15,4,15
777,4.76,90.44,98.934,7,0.68,90.934,8,19,8
778,0.48,8.64,15.252,8,0.06,9.252,6,18,7
779,1.56,23.4,10.59,6,0.26,1.5899999999999999,9,15,16
780,5.2,67.6,22.182,13,0.4,5.181999999999999,17,13,12
781,14.63,73.15,34.778,19,0.77,14.777999999999999,20,5,15
782,11.7,0.0,12.628,15,0.78,11.628,1,0,12
783,11.05,121.55,131.66,17,0.65,121.66,10,11,5
784,9.9,0.0,22.926,11,0.9,9.925999999999998,13,0,14
785,5.39,16.17,17.188,11,0.49,16.188,1,3,9
786,1.3,23.4,19.328,5,0.26,1.3279999999999994,18,18,15
787,5.12,30.72,11.008,16,0.32,5.007999999999999,6,6,15
788,1.12,8.96,9.122,14,0.08,1.1219999999999999,8,8,12
789,6.64,119.52,130.332,8,0.83,118.332,12,18,4
790,15.4,169.4,180.204,20,0.77,171.204,9,11,9
791,1.9,28.5,35.95,5,0.38,28.950000000000003,7,15,3
792,8.6,129.0,135.07,20,0.43,131.07,4,15,0
793,0.2,3.6,5.168,2,0.1,3.168,2,18,9
794,2.7,45.9,5.71,10,0.27,2.71,3,17,13
795,11.0,22.0,26.016,20,0.55,22.016,4,2,1
796,2.31,43.89,4.318,7,0.33,2.3179999999999996,2,19,19
797,1.43,7.15,21.348,13,0.11,1.347999999999999,20,5,17
798,3.22,3.22,16.22,14,0.23,3.219999999999999,13,1,15
799,8.5,119.0,22.494,10,0.85,8.494,14,14,15
800,10.54,52.7,65.93,17,0.62,51.93000000000001,14,5,10
801,12.3,233.7,15.284,15,0.82,12.284,3,19,11
802,5.32,5.32,14.206,7,0.76,5.2059999999999995,9,1,16
803,12.54,100.32,120.16,19,0.66,100.16,20,8,2
804,14.4,273.6,277.02,20,0.72,277.02,0,19,5
805,1.12,13.44,11.072,7,0.16,1.0719999999999992,10,12,15
806,13.6,272.0,281.92,17,0.8,270.92,11,20,2
807,5.46,103.74,19.472,6,0.91,5.472000000000001,14,19,16
808,3.6,61.2,63.534,20,0.18,59.534,4,17,5
809,17.29,155.61,165.15,19,0.91,156.15,9,9,6
810,1.35,18.9,29.592,3,0.45,18.592,11,14,6
811,2.35,44.65,62.624,5,0.47,43.624,19,19,2
812,13.6,176.8,190.202,16,0.85,176.202,14,13,10
813,6.32,37.92,14.322,8,0.79,6.321999999999999,8,6,12
814,0.88,16.72,12.84,8,0.11,0.8399999999999999,12,19,16
815,7.44,44.64,52.704,12,0.62,43.704,9,6,3
816,2.28,45.6,6.302,4,0.57,2.3019999999999996,4,20,14
817,16.91,169.1,17.938,19,0.89,16.938,1,10,18
818,1.64,14.76,29.768,4,0.41,15.768,14,9,2
819,6.72,13.44,21.46,16,0.42,13.46,8,2,2
820,6.48,116.64,25.502,8,0.81,6.501999999999999,19,18,14
821,5.76,103.68,105.924,18,0.32,102.924,3,18,3
822,11.31,113.1,23.34,13,0.87,11.34,12,10,17
823,0.84,0.84,0.804,6,0.14,0.804,0,1,8
824,4.5,49.5,69.83,6,0.75,49.83,20,11,9
825,3.55,39.05,56.654,5,0.71,38.654,18,11,1
826,14.96,149.6,157.72,17,0.88,150.72,7,10,4
827,1.89,34.02,20.886,3,0.63,1.8859999999999992,19,18,15
828,1.02,10.2,25.44,17,0.06,10.440000000000001,15,10,0
829,0.05,0.05,11.04,1,0.05,0.03999999999999915,11,1,13
830,12.0,156.0,12.838,20,0.6,11.838,1,13,20
831,2.88,54.72,60.694,6,0.48,53.694,7,19,0
832,10.01,20.02,21.968,11,0.91,9.968,12,2,16
833,3.64,0.0,6.0,7,0.52,0.0,6,0,8
834,7.28,14.56,34.444,8,0.91,14.444000000000003,20,2,5
835,0.24,4.8,9.4,4,0.06,4.4,5,20,0
836,6.66,39.96,6.684,9,0.74,6.684,0,6,14
837,13.6,54.4,73.984,16,0.85,53.983999999999995,20,4,9
838,4.3,4.3,18.256,10,0.43,4.256,14,1,0
839,2.46,17.22,18.94,3,0.82,16.94,2,7,7
840,9.24,138.6,20.232,12,0.77,9.232,11,15,11
841,0.78,15.6,28.44,3,0.26,15.440000000000001,13,20,1
842,0.5,5.0,13.78,10,0.05,4.779999999999999,9,10,2
843,4.41,26.46,12.488,7,0.63,4.4879999999999995,8,6,13
844,10.56,42.24,56.36,12,0.88,42.36,14,4,3
845,11.7,175.5,13.762,18,0.65,11.762,2,15,12
846,12.42,37.26,39.476,18,0.69,37.476,2,3,1
847,8.1,64.8,80.832,15,0.54,64.832,16,8,6
848,1.92,36.48,12.848,8,0.24,1.8480000000000008,11,19,12
849,3.24,48.6,3.276,4,0.81,3.276,0,15,13
850,1.69,13.52,19.864,13,0.13,1.8640000000000008,18,8,20
851,2.44,2.44,2.4,4,0.61,2.4,0,1,19
852,7.47,141.93,154.272,9,0.83,142.272,12,19,8
853,4.6,46.0,64.0,10,0.46,46.0,18,10,5
854,6.5,0.0,10.0,10,0.65,0.0,10,0,4
855,7.2,36.0,13.206,16,0.45,7.2059999999999995,6,5,13
856,0.92,4.6,17.948,2,0.46,0.9480000000000004,17,5,15
857,0.57,6.27,24.128,3,0.19,7.128,17,11,5
858,2.85,42.75,47.87,3,0.95,42.87,5,15,4
859,5.84,105.12,15.844,8,0.73,5.843999999999999,10,18,12
860,1.95,3.9,21.942,3,0.65,1.9420000000000002,20,2,15
861,3.68,3.68,11.672,4,0.92,3.6720000000000006,8,1,7
862,12.75,25.5,22.804,15,0.85,12.803999999999998,10,2,18
863,8.8,35.2,12.728,20,0.44,8.728,4,4,15
864,3.96,47.52,23.024,9,0.44,4.024000000000001,19,12,19
865,4.41,88.2,104.04,9,0.49,88.04,16,20,6
866,3.43,68.6,78.04,7,0.49,68.04,10,20,3
867,5.11,91.98,98.16,7,0.73,92.16,6,18,9
868,0.65,13.0,9.692,1,0.65,0.6920000000000002,9,20,13
869,9.52,161.84,21.522,14,0.68,9.521999999999998,12,17,19
870,4.41,61.74,76.704,9,0.49,60.70399999999999,16,14,0
871,7.65,38.25,49.99,17,0.45,37.99,12,5,5
872,6.3,126.0,132.12,14,0.45,127.12,5,20,9
873,2.15,36.55,12.092,5,0.43,2.0920000000000005,10,17,15
874,6.93,110.88,125.808,9,0.77,111.808,14,16,8
875,5.64,28.2,35.27,6,0.94,28.270000000000003,7,5,5
876,2.4,38.4,13.27,20,0.12,2.2699999999999996,11,16,18
877,8.25,90.75,14.284,15,0.55,8.284,6,11,18
878,10.65,117.15,129.194,15,0.71,117.19399999999999,12,11,5
879,7.8,140.4,26.806,12,0.65,7.806000000000001,19,18,20
880,3.69,66.42,14.63,9,0.41,3.630000000000001,11,18,17
881,3.06,45.9,55.79,9,0.34,47.79,8,15,7
882,3.36,3.36,19.332,14,0.24,3.3320000000000007,16,1,17
883,1.62,9.72,14.72,6,0.27,9.72,5,6,0
884,4.42,39.78,55.536,13,0.34,40.536,15,9,2
885,8.47,25.41,13.508,11,0.77,8.508,5,3,19
886,6.5,19.5,26.17,13,0.5,19.17,7,3,6
887,0.38,1.9,21.89,2,0.19,1.8900000000000006,20,5,3
888,1.98,17.82,9.976,6,0.33,1.9760000000000009,8,9,17
889,12.6,138.6,151.546,14,0.9,139.546,12,11,10
890,11.44,194.48,29.394,13,0.88,11.393999999999998,18,17,20
891,1.2,24.0,18.248,10,0.12,1.248000000000001,17,20,20
892,1.44,28.8,12.43,2,0.72,1.4299999999999997,11,20,19
893,5.78,75.14,77.66,17,0.34,75.66,2,13,3
894,1.89,1.89,15.854,9,0.21,1.8539999999999992,14,1,10
895,1.4,0.0,21.404,7,0.2,1.404,20,0,15
896,7.6,106.4,26.678,10,0.76,7.678000000000001,19,14,17
897,7.2,144.0,147.92,15,0.48,142.92,5,20,1
898,5.52,82.8,10.544,6,0.92,5.5440000000000005,5,15,19
899,6.02,108.36,119.964,14,0.43,107.964,12,18,0
900,2.09,20.9,12.95,11,0.19,1.9499999999999993,11,10,18
901,2.4,31.2,45.902,20,0.12,31.902,14,13,3
902,4.0,12.0,15.886,5,0.8,11.886,4,3,6
903,7.32,73.2,93.12,12,0.61,75.12,18,10,4
904,0.96,14.4,30.59,6,0.16,13.59,17,15,6
905,7.11,120.87,25.106,9,0.79,7.106000000000002,18,17,14
906,5.28,0.0,17.0,11,0.48,0.0,17,0,2
907,8.2,139.4,158.066,10,0.82,141.066,17,17,6
908,14.4,144.0,26.466,20,0.72,14.466000000000001,12,10,18
909,1.44,20.16,1.402,3,0.48,1.402,0,14,14
910,1.8,10.8,5.822,5,0.36,1.822,4,6,17
911,14.2,0.0,4.0,20,0.71,0.0,4,0,3
912,5.04,30.24,41.0,6,0.84,30.0,11,6,2
913,3.06,12.24,26.384,18,0.17,12.384,14,4,5
914,3.6,46.8,7.732,18,0.2,3.732,4,13,14
915,16.6,166.0,178.22,20,0.83,167.22,11,10,5
916,7.36,110.4,118.52,8,0.92,110.52,8,15,3
917,1.15,21.85,27.432,5,0.23,21.432,6,19,8
918,0.5,6.5,13.786,1,0.5,6.786,7,13,1
919,1.68,21.84,28.268,2,0.84,21.268,7,13,3
920,0.78,0.78,8.728,13,0.06,0.7279999999999998,8,1,5
921,14.1,56.4,19.13,15,0.94,14.129999999999999,5,4,11
922,13.02,169.26,30.022,14,0.93,13.021999999999998,17,13,16
923,2.2,13.2,21.278,5,0.44,2.2779999999999987,19,6,14
924,1.16,13.92,28.568,4,0.29,14.568000000000001,14,12,9
925,2.73,13.65,31.48,13,0.21,13.48,18,5,0
926,6.12,36.72,36.696,12,0.51,36.696,0,6,1
927,7.65,122.4,138.624,9,0.85,122.624,16,16,4
928,11.05,209.95,228.444,17,0.65,210.444,18,19,5
929,4.62,32.34,44.578,7,0.66,32.578,12,7,9
930,1.84,34.96,35.264,2,0.92,35.264,0,19,9
931,9.0,117.0,129.948,20,0.45,116.94800000000001,13,13,4
932,10.56,42.24,13.484,16,0.66,10.484,3,4,16
933,1.23,11.07,15.178,3,0.41,1.1780000000000008,14,9,12
934,5.46,76.44,16.498,6,0.91,5.498000000000001,11,14,19
935,5.36,91.12,91.644,8,0.67,90.644,1,17,8
936,9.3,120.9,126.302,15,0.62,120.302,6,13,1
937,3.76,15.04,16.056,4,0.94,15.056000000000001,1,4,7
938,0.96,13.44,20.986,6,0.16,0.9860000000000007,20,14,16
939,8.85,8.85,15.94,15,0.59,8.94,7,1,19
940,2.4,24.0,14.384,3,0.8,2.3840000000000003,12,10,18
941,12.96,77.76,87.556,18,0.72,77.556,10,6,6
942,7.6,60.8,80.768,10,0.76,60.768,20,8,5
943,10.08,50.4,57.41,16,0.63,50.41,7,5,7
944,0.45,7.65,13.424,3,0.15,0.4239999999999995,13,17,11
945,4.2,29.4,10.1,6,0.7,4.1,6,7,17
946,7.28,87.36,97.336,8,0.91,87.336,10,12,1
947,0.9,11.7,27.882,6,0.15,11.882000000000001,16,13,1
948,0.36,1.8,21.75,6,0.06,1.75,20,5,7
949,8.4,25.2,28.354,12,0.7,8.354,20,3,19
950,1.68,16.8,21.02,12,0.14,17.02,4,10,2
951,7.2,144.0,12.252,18,0.4,7.252000000000001,5,20,20
952,7.15,50.05,52.988,13,0.55,50.988,2,7,7
953,3.3,6.6,15.306,11,0.3,3.305999999999999,12,2,15
954,11.56,184.96,189.256,17,0.68,184.256,5,16,4
955,3.52,42.24,18.486,4,0.88,3.4860000000000007,15,12,18
956,2.8,5.6,10.842,5,0.56,2.8420000000000005,8,2,12
957,2.86,48.62,19.82,13,0.22,2.8200000000000003,17,17,18
958,10.8,216.0,232.4,15,0.72,217.4,15,20,6
959,3.78,7.56,23.572,18,0.21,7.571999999999999,16,2,2
960,0.13,2.08,16.148,1,0.13,0.1479999999999997,16,16,15
