,((p*n)+(p*n*n)),((p*n)+n),((p*n)+x),((p*n)-(p*n*n)),((p*n)-n),((p*n)-x),((p*n*n)+n),((p*n*n)+x),((p*n*n)-(p*n)),((p*n*n)-n),((p*n*n)-x),(1+p),(1-p),(n+x),(n-(p*n)),(n-(p*n*n)),(n-x),(p*n),(p*n*n),(x-(p*n)),(x-(p*n*n)),(x-n),expected_post,n,p,post-init,x
0,5.34,3.78,7.78,-1.78,-0.22,-4.22,5.56,9.56,1.78,1.56,-2.44,1.89,0.11,8,0.22,-1.56,-4,1.78,3.56,4.22,2.44,4,8.716,2,0.89,2.7159999999999993,6
1,12.18,7.74,18.74,-8.7,-4.26,-15.26,16.44,27.44,8.7,4.44,-6.56,1.29,0.71,23,4.26,-4.44,-11,1.74,10.44,15.26,6.56,11,23.046,6,0.29,6.045999999999999,17
2,21.84,9.12,17.12,-15.6,-2.88,-10.88,24.72,32.72,15.6,12.72,4.72,1.52,0.48,20,2.88,-12.72,-8,3.12,18.72,10.88,-4.72,8,25.43,6,0.52,11.43,14
3,19.04,9.38,11.38,-14.28,-4.62,-6.62,23.66,25.66,14.28,9.66,7.66,1.34,0.66,16,4.62,-9.66,-2,2.38,16.66,6.62,-7.66,2,18.288,7,0.34,9.288,9
4,16.8,7.36,5.36,-10.08,-0.64,1.36,17.44,15.44,10.08,9.44,11.44,1.84,0.16,6,0.64,-9.44,2,3.36,13.44,-1.36,-11.44,-2,10.518,4,0.84,8.518,2
5,19.6,9.45,22.45,-14.7,-4.55,-17.55,24.15,37.15,14.7,10.15,-2.85,1.35,0.65,27,4.55,-10.15,-13,2.45,17.15,17.55,2.85,13,29.948,7,0.35,9.948,20
6,345.8,36.29,32.29,-311.22,-1.71,2.29,347.51,343.51,311.22,309.51,313.51,1.91,0.09,34,1.71,-309.51,4,17.29,328.51,-2.29,-313.51,-4,187.606,19,0.91,172.606,15
7,19.2,8.2,12.2,-12.8,-1.8,-5.8,21.0,25.0,12.8,11.0,7.0,1.64,0.36,14,1.8,-11.0,-4,3.2,16.0,5.8,-7.0,4,18.29,5,0.64,9.29,9
8,59.4,15.4,14.4,-48.6,-4.6,-3.6,64.0,63.0,48.6,44.0,45.0,1.54,0.46,19,4.6,-44.0,1,5.4,54.0,3.6,-45.0,-1,38.368,10,0.54,29.368000000000002,9
9,23.94,19.26,11.26,-21.42,-16.74,-8.74,40.68,32.68,21.42,4.68,12.68,1.07,0.93,28,16.74,-4.68,8,1.26,22.68,8.74,-12.68,-8,21.57,18,0.07,11.57,10
10,49.68,13.52,25.52,-38.64,-2.48,-14.48,52.16,64.16,38.64,36.16,24.16,1.69,0.31,28,2.48,-36.16,-12,5.52,44.16,14.48,-24.16,12,44.818,8,0.69,24.817999999999998,20
11,66.96,15.44,18.44,-52.08,-0.56,-3.56,67.52,70.52,52.08,51.52,48.52,1.93,0.07,19,0.56,-51.52,-3,7.44,59.52,3.56,-48.52,3,44.52,8,0.93,33.52,11
12,190.0,28.5,19.5,-171.0,-9.5,-0.5,199.5,190.5,171.0,161.5,170.5,1.5,0.5,29,9.5,-161.5,9,9.5,180.5,0.5,-170.5,-9,106.228,19,0.5,96.228,10
13,37.8,16.52,13.52,-32.76,-11.48,-8.48,49.28,46.28,32.76,21.28,24.28,1.18,0.82,25,11.48,-21.28,3,2.52,35.28,8.48,-24.28,-3,29.558,14,0.18,18.558,11
14,1.56,3.39,2.39,-0.78,-2.61,-1.61,4.17,3.17,0.78,-1.83,-0.83,1.13,0.87,5,2.61,1.83,1,0.39,1.17,1.61,0.83,-1,2.866,3,0.13,0.8660000000000001,2
15,2.16,2.72,4.72,-0.72,-1.28,-3.28,3.44,5.44,0.72,-0.56,-2.56,1.36,0.64,6,1.28,0.56,-2,0.72,1.44,3.28,2.56,2,5.09,2,0.36,1.0899999999999999,4
16,2.16,3.54,3.54,-1.08,-2.46,-2.46,4.62,4.62,1.08,-1.38,-1.38,1.18,0.82,6,2.46,1.38,0,0.54,1.62,2.46,1.38,0,4.018,3,0.18,1.0179999999999998,3
17,112.32,20.64,27.64,-95.04,-3.36,-10.36,115.68,122.68,95.04,91.68,84.68,1.72,0.28,31,3.36,-91.68,-7,8.64,103.68,10.36,-84.68,7,75.014,12,0.72,56.013999999999996,19
18,24.3,11.43,2.43,-19.44,-6.57,2.43,30.87,21.87,19.44,12.87,21.87,1.27,0.73,9,6.57,-12.87,9,2.43,21.87,-2.43,-21.87,-9,12.228,9,0.27,12.228,0
19,62.7,15.7,23.7,-51.3,-4.3,-12.3,67.0,75.0,51.3,47.0,39.0,1.57,0.43,28,4.3,-47.0,-8,5.7,57.0,12.3,-39.0,8,48.96,10,0.57,30.96,18
20,100.8,20.72,23.72,-87.36,-7.28,-10.28,108.08,111.08,87.36,80.08,77.08,1.48,0.52,31,7.28,-80.08,-3,6.72,94.08,10.28,-77.08,3,67.752,14,0.48,50.751999999999995,17
21,2.28,3.57,2.57,-1.14,-2.43,-1.43,4.71,3.71,1.14,-1.29,-0.29,1.19,0.81,5,2.43,1.29,1,0.57,1.71,1.43,0.29,-1,3.142,3,0.19,1.142,2
22,244.8,30.6,16.6,-217.6,-3.4,10.6,248.2,234.2,217.6,214.2,228.2,1.8,0.2,20,3.4,-214.2,14,13.6,231.2,-10.6,-228.2,-14,124.748,17,0.8,121.748,3
23,103.74,20.41,22.41,-88.92,-5.59,-7.59,109.33,111.33,88.92,83.33,81.33,1.57,0.43,28,5.59,-83.33,-2,7.41,96.33,7.59,-81.33,2,66.98,13,0.57,51.980000000000004,15
24,4.4,4.88,0.88,-2.64,-3.12,0.88,7.52,3.52,2.64,-0.48,3.52,1.22,0.78,4,3.12,0.48,4,0.88,3.52,-0.88,-3.52,-4,2.312,4,0.22,2.312,0
25,63.0,18.2,8.2,-54.6,-9.8,0.2,72.8,62.8,54.6,44.8,54.8,1.3,0.7,18,9.8,-44.8,10,4.2,58.8,-0.2,-54.8,-10,35.674,14,0.3,31.674,4
26,101.92,20.28,14.28,-87.36,-5.72,0.28,107.64,101.64,87.36,81.64,87.64,1.56,0.44,20,5.72,-81.64,6,7.28,94.64,-0.28,-87.64,-6,57.838,13,0.56,50.838,7
27,223.38,29.41,19.41,-198.56,-4.59,5.41,227.97,217.97,198.56,193.97,203.97,1.73,0.27,24,4.59,-193.97,10,12.41,210.97,-5.41,-203.97,-10,119.49,17,0.73,112.49,7
28,77.0,17.0,8.0,-63.0,-3.0,6.0,80.0,71.0,63.0,60.0,69.0,1.7,0.3,11,3.0,-60.0,9,7.0,70.0,-6.0,-69.0,-9,39.91,10,0.7,38.91,1
29,3.78,3.26,9.26,-1.26,-0.74,-6.74,4.52,10.52,1.26,0.52,-5.48,1.63,0.37,10,0.74,-0.52,-6,1.26,2.52,6.74,5.48,6,9.892,2,0.63,1.8919999999999995,8
30,228.48,29.44,21.44,-201.6,-2.56,5.44,231.04,223.04,201.6,199.04,207.04,1.84,0.16,24,2.56,-199.04,8,13.44,215.04,-5.44,-207.04,-8,120.976,16,0.84,112.976,8
31,176.8,26.4,27.4,-156.0,-5.6,-6.6,182.4,183.4,156.0,150.4,149.4,1.65,0.35,33,5.6,-150.4,-1,10.4,166.4,6.6,-149.4,1,105.598,16,0.65,88.598,17
32,155.4,24.36,30.36,-134.68,-3.64,-9.64,159.04,165.04,134.68,131.04,125.04,1.74,0.26,34,3.64,-131.04,-6,10.36,145.04,9.64,-125.04,6,97.068,14,0.74,77.068,20
33,11.28,5.82,14.82,-5.64,-0.18,-9.18,11.46,20.46,5.64,5.46,-3.54,1.94,0.06,15,0.18,-5.46,-9,2.82,8.46,9.18,3.54,9,17.638,3,0.94,5.638000000000002,12
34,81.6,20.8,17.8,-72.0,-11.2,-8.2,92.8,89.8,72.0,60.8,63.8,1.3,0.7,29,11.2,-60.8,3,4.8,76.8,8.2,-63.8,-3,55.696,16,0.3,42.696,13
35,178.5,25.9,14.9,-154.7,-2.1,8.9,180.6,169.6,154.7,152.6,163.6,1.85,0.15,17,2.1,-152.6,11,11.9,166.6,-8.9,-163.6,-11,92.752,14,0.85,89.752,3
36,66.96,15.44,9.44,-52.08,-0.56,5.44,67.52,61.52,52.08,51.52,57.52,1.93,0.07,10,0.56,-51.52,6,7.44,59.52,-5.44,-57.52,-6,35.346,8,0.93,33.346,2
37,24.78,9.54,4.54,-17.7,-2.46,2.54,27.24,22.24,17.7,15.24,20.24,1.59,0.41,7,2.46,-15.24,5,3.54,21.24,-2.54,-20.24,-5,13.78,6,0.59,12.78,1
38,15.84,12.32,9.32,-13.2,-9.68,-6.68,25.52,22.52,13.2,3.52,6.52,1.12,0.88,19,9.68,-3.52,3,1.32,14.52,6.68,-6.52,-3,15.834,11,0.12,7.834,8
39,112.84,21.06,15.06,-96.72,-4.94,1.06,117.78,111.78,96.72,91.78,97.78,1.62,0.38,20,4.94,-91.78,6,8.06,104.78,-1.06,-97.78,-6,64.086,13,0.62,57.086,7
40,0.5,1.25,12.25,0.0,-0.75,-11.75,1.25,12.25,0.0,-0.75,-11.75,1.25,0.75,13,0.75,0.75,-11,0.25,0.25,11.75,11.75,11,12.222,1,0.25,0.22199999999999953,12
41,46.8,13.2,21.2,-36.4,-2.8,-10.8,49.6,57.6,36.4,33.6,25.6,1.65,0.35,24,2.8,-33.6,-8,5.2,41.6,10.8,-25.6,8,39.168,8,0.65,23.168,16
42,71.4,18.76,12.76,-61.88,-9.24,-3.24,80.64,74.64,61.88,52.64,58.64,1.34,0.66,22,9.24,-52.64,6,4.76,66.64,3.24,-58.64,-6,43.844,14,0.34,35.844,8
43,14.2,6.84,13.84,-8.52,-1.16,-8.16,15.36,22.36,8.52,7.36,0.36,1.71,0.29,15,1.16,-7.36,-7,2.84,11.36,8.16,-0.36,7,18.058,4,0.71,7.058,11
44,57.2,15.2,16.2,-46.8,-4.8,-5.8,62.0,63.0,46.8,42.0,41.0,1.52,0.48,21,4.8,-42.0,-1,5.2,52.0,5.8,-41.0,1,39.468,10,0.52,28.468000000000004,11
45,1.32,2.44,1.44,-0.44,-1.56,-0.56,2.88,1.88,0.44,-1.12,-0.12,1.22,0.78,3,1.56,1.12,1,0.44,0.88,0.56,0.12,-1,1.686,2,0.22,0.6859999999999999,1
46,6.0,6.0,18.0,-4.0,-4.0,-16.0,10.0,22.0,4.0,0.0,-12.0,1.2,0.8,22,4.0,0.0,-12,1.0,5.0,16.0,12.0,12,19.98,5,0.2,2.9800000000000004,17
47,31.68,11.52,15.52,-24.64,-4.48,-8.48,36.16,40.16,24.64,20.16,16.16,1.44,0.56,20,4.48,-20.16,-4,3.52,28.16,8.48,-16.16,4,27.84,8,0.44,15.84,12
48,0.66,1.33,18.33,0.0,-0.67,-17.67,1.33,18.33,0.0,-0.67,-17.67,1.33,0.67,19,0.67,0.67,-17,0.33,0.33,17.67,17.67,17,18.326,1,0.33,0.3260000000000005,18
49,34.32,13.86,13.86,-28.6,-8.14,-8.14,42.46,42.46,28.6,20.46,20.46,1.26,0.74,22,8.14,-20.46,0,2.86,31.46,8.14,-20.46,0,29.01,11,0.26,18.01,11
50,0.66,2.22,4.22,-0.22,-1.78,-3.78,2.44,4.44,0.22,-1.56,-3.56,1.11,0.89,6,1.78,1.56,-2,0.22,0.44,3.78,3.56,2,4.328,2,0.11,0.3280000000000003,4
51,108.8,22.4,18.4,-96.0,-9.6,-5.6,118.4,114.4,96.0,86.4,90.4,1.4,0.6,28,9.6,-86.4,4,6.4,102.4,5.6,-90.4,-4,67.218,16,0.4,55.218,12
52,159.12,25.84,23.84,-141.44,-8.16,-6.16,167.28,165.28,141.44,133.28,135.28,1.52,0.48,32,8.16,-133.28,2,8.84,150.28,6.16,-135.28,-2,94.388,17,0.52,79.388,15
53,6.6,5.32,11.32,-3.96,-2.68,-8.68,9.28,15.28,3.96,1.28,-4.72,1.33,0.67,14,2.68,-1.28,-6,1.32,5.28,8.68,4.72,6,13.14,4,0.33,3.1400000000000006,10
54,2.7,2.9,18.9,-0.9,-1.1,-17.1,3.8,19.8,0.9,-0.2,-16.2,1.45,0.55,20,1.1,0.2,-16,0.9,1.8,17.1,16.2,16,19.376,2,0.45,1.3760000000000012,18
55,9.9,9.99,2.99,-7.92,-8.01,-1.01,17.91,10.91,7.92,-0.09,6.91,1.11,0.89,11,8.01,0.09,7,0.99,8.91,1.01,-6.91,-7,7.12,9,0.11,5.12,2
56,11.4,6.28,18.28,-6.84,-1.72,-13.72,13.12,25.12,6.84,5.12,-6.88,1.57,0.43,20,1.72,-5.12,-12,2.28,9.12,13.72,6.88,12,21.672,4,0.57,5.672000000000001,16
57,50.4,18.15,15.15,-44.1,-11.85,-8.85,62.25,59.25,44.1,32.25,35.25,1.21,0.79,27,11.85,-32.25,3,3.15,47.25,8.85,-35.25,-3,37.8,15,0.21,25.799999999999997,12
58,85.68,21.76,18.76,-76.16,-12.24,-9.24,97.92,94.92,76.16,63.92,66.92,1.28,0.72,31,12.24,-63.92,3,4.76,80.92,9.24,-66.92,-3,56.198,17,0.28,42.198,14
59,275.4,32.3,34.3,-244.8,-1.7,-3.7,277.1,279.1,244.8,243.1,241.1,1.9,0.1,36,1.7,-243.1,-2,15.3,260.1,3.7,-241.1,2,156.724,17,0.9,137.724,19
60,68.4,21.6,5.6,-61.2,-14.4,1.6,82.8,66.8,61.2,46.8,62.8,1.2,0.8,20,14.4,-46.8,16,3.6,64.8,-1.6,-62.8,-16,35.142,18,0.2,33.142,2
61,136.8,25.84,14.84,-123.12,-12.16,-1.16,148.96,137.96,123.12,110.96,121.96,1.36,0.64,27,12.16,-110.96,11,6.84,129.96,1.16,-121.96,-11,74.646,19,0.36,66.646,8
62,287.64,32.98,21.98,-255.68,-1.02,9.98,288.66,277.66,255.68,254.66,265.66,1.94,0.06,23,1.02,-254.66,11,15.98,271.66,-9.98,-265.66,-11,150.098,17,0.94,144.098,6
63,18.72,13.44,21.44,-15.84,-10.56,-18.56,29.28,37.28,15.84,5.28,-2.72,1.12,0.88,32,10.56,-5.28,-8,1.44,17.28,18.56,2.72,8,29.246,12,0.12,9.245999999999999,20
64,246.24,30.96,23.96,-220.32,-5.04,1.96,251.28,244.28,220.32,215.28,222.28,1.72,0.28,29,5.04,-215.28,7,12.96,233.28,-1.96,-222.28,-7,134.626,18,0.72,123.626,11
65,39.78,19.21,10.21,-35.36,-14.79,-5.79,54.57,45.57,35.36,20.57,29.57,1.13,0.87,25,14.79,-20.57,9,2.21,37.57,5.79,-29.57,-9,28.64,17,0.13,20.64,8
66,167.44,24.96,19.96,-143.52,-1.04,3.96,168.48,163.48,143.52,142.48,147.48,1.92,0.08,21,1.04,-142.48,5,11.96,155.48,-3.96,-147.48,-5,91.75,13,0.92,83.75,8
67,11.4,5.85,5.85,-5.7,-0.15,-0.15,11.55,11.55,5.7,5.55,5.55,1.95,0.05,6,0.15,-5.55,0,2.85,8.55,0.15,-5.55,0,8.71,3,0.95,5.710000000000001,3
68,220.8,28.8,31.8,-193.2,-1.2,-4.2,222.0,225.0,193.2,192.0,189.0,1.92,0.08,33,1.2,-192.0,-3,13.8,207.0,4.2,-189.0,3,128.308,15,0.92,110.30799999999999,18
69,281.52,32.64,18.64,-250.24,-1.36,12.64,282.88,268.88,250.24,248.88,262.88,1.92,0.08,20,1.36,-248.88,14,15.64,265.88,-12.64,-262.88,-14,143.95,17,0.92,140.95,3
70,54.6,16.2,15.2,-46.2,-7.8,-6.8,62.4,61.4,46.2,38.4,39.4,1.35,0.65,23,7.8,-38.4,1,4.2,50.4,6.8,-39.4,-1,38.576,12,0.35,27.576,11
71,163.2,25.2,13.2,-142.8,-4.8,7.2,168.0,156.0,142.8,138.0,150.0,1.68,0.32,18,4.8,-138.0,12,10.2,153.0,-7.2,-150.0,-12,84.382,15,0.68,81.382,3
72,39.6,12.96,17.96,-31.68,-5.04,-10.04,44.64,49.64,31.68,26.64,21.64,1.44,0.56,23,5.04,-26.64,-5,3.96,35.64,10.04,-21.64,5,33.954,9,0.44,19.954,14
73,49.5,13.95,24.95,-39.6,-4.05,-15.05,53.55,64.55,39.6,35.55,24.55,1.55,0.45,29,4.05,-35.55,-11,4.95,44.55,15.05,-24.55,11,44.19,9,0.55,24.189999999999998,20
74,5.04,3.68,9.68,-1.68,-0.32,-6.32,5.36,11.36,1.68,1.36,-4.64,1.84,0.16,10,0.32,-1.36,-6,1.68,3.36,6.32,4.64,6,10.532,2,0.84,2.532,8
75,29.12,15.08,12.08,-24.96,-10.92,-7.92,40.04,37.04,24.96,14.04,17.04,1.16,0.84,23,10.92,-14.04,3,2.08,27.04,7.92,-17.04,-3,24.118,13,0.16,14.117999999999999,10
76,73.32,17.64,15.64,-62.04,-6.36,-4.36,79.68,77.68,62.04,55.68,57.68,1.47,0.53,22,6.36,-55.68,2,5.64,67.68,4.36,-57.68,-2,46.172,12,0.47,36.172,10
77,14.6,6.92,5.92,-8.76,-1.08,-0.08,15.68,14.68,8.76,7.68,8.68,1.73,0.27,7,1.08,-7.68,1,2.92,11.68,0.08,-8.68,-1,10.354,4,0.73,7.353999999999999,3
78,11.2,6.24,5.24,-6.72,-1.76,-0.76,12.96,11.96,6.72,4.96,5.96,1.56,0.44,7,1.76,-4.96,1,2.24,8.96,0.76,-5.96,-1,8.486,4,0.56,5.486000000000001,3
79,28.14,10.02,17.02,-20.1,-1.98,-8.98,30.12,37.12,20.1,18.12,11.12,1.67,0.33,19,1.98,-18.12,-7,4.02,24.12,8.98,-11.12,7,27.208,6,0.67,14.207999999999998,13
80,28.8,11.88,13.88,-23.04,-6.12,-8.12,34.92,36.92,23.04,16.92,14.92,1.32,0.68,20,6.12,-16.92,-2,2.88,25.92,8.12,-14.92,2,25.184,9,0.32,14.184000000000001,11
81,11.52,9.28,9.28,-8.96,-6.72,-6.72,18.24,18.24,8.96,2.24,2.24,1.16,0.84,16,6.72,-2.24,0,1.28,10.24,6.72,-2.24,0,13.554,8,0.16,5.554,8
82,152.0,26.6,13.6,-136.8,-11.4,1.6,163.4,150.4,136.8,125.4,138.4,1.4,0.6,25,11.4,-125.4,13,7.6,144.4,-1.6,-138.4,-13,83.784,19,0.4,77.784,6
83,163.8,24.7,11.7,-140.4,-1.3,11.7,165.1,152.1,140.4,139.1,152.1,1.9,0.1,13,1.3,-139.1,13,11.7,152.1,-11.7,-152.1,-13,82.004,13,0.9,82.004,0
84,249.66,31.14,22.14,-223.38,-4.86,4.14,254.52,245.52,223.38,218.52,227.52,1.73,0.27,27,4.86,-218.52,9,13.14,236.52,-4.14,-227.52,-9,134.848,18,0.73,125.84800000000001,9
85,205.2,29.26,28.26,-184.68,-8.74,-7.74,213.94,212.94,184.68,175.94,176.94,1.54,0.46,37,8.74,-175.94,1,10.26,194.94,7.74,-176.94,-1,121.138,19,0.54,103.138,18
86,24.48,17.44,20.44,-21.6,-14.56,-17.56,39.04,42.04,21.6,7.04,4.04,1.09,0.91,35,14.56,-7.04,-3,1.44,23.04,17.56,-4.04,3,31.326,16,0.09,12.326,19
87,52.02,19.89,13.89,-46.24,-14.11,-8.11,66.13,60.13,46.24,32.13,38.13,1.17,0.83,28,14.11,-32.13,6,2.89,49.13,8.11,-38.13,-6,37.578,17,0.17,26.578000000000003,11
88,4.56,3.52,9.52,-1.52,-0.48,-6.48,5.04,11.04,1.52,1.04,-4.96,1.76,0.24,10,0.48,-1.04,-6,1.52,3.04,6.48,4.96,6,10.344,2,0.76,2.3439999999999994,8
89,15.0,7.0,5.0,-9.0,-1.0,1.0,16.0,14.0,9.0,8.0,10.0,1.75,0.25,6,1.0,-8.0,2,3.0,12.0,-1.0,-10.0,-2,9.26,4,0.75,7.26,2
90,54.72,14.08,12.08,-42.56,-1.92,0.08,56.64,54.64,42.56,40.64,42.64,1.76,0.24,14,1.92,-40.64,2,6.08,48.64,-0.08,-42.64,-2,32.938,8,0.76,26.938000000000002,6
91,260.1,31.45,32.45,-231.2,-2.55,-3.55,262.65,263.65,231.2,228.65,227.65,1.85,0.15,35,2.55,-228.65,-1,14.45,245.65,3.55,-227.65,1,148.672,17,0.85,130.672,18
92,217.26,29.07,20.07,-193.12,-4.93,4.07,222.19,213.19,193.12,188.19,197.19,1.71,0.29,25,4.93,-188.19,9,12.07,205.19,-4.07,-197.19,-9,117.888,17,0.71,109.888,8
93,24.6,9.1,11.1,-16.4,-0.9,-2.9,25.5,27.5,16.4,15.5,13.5,1.82,0.18,12,0.9,-15.5,-2,4.1,20.5,2.9,-13.5,2,19.258,5,0.82,12.258,7
94,10.92,12.84,2.84,-9.24,-11.16,-1.16,22.08,12.08,9.24,-1.92,8.08,1.07,0.93,14,11.16,1.92,10,0.84,10.08,1.16,-8.08,-10,7.504,12,0.07,5.504,2
95,17.28,9.92,17.92,-13.44,-6.08,-14.08,23.36,31.36,13.44,7.36,-0.64,1.24,0.76,24,6.08,-7.36,-8,1.92,15.36,14.08,0.64,8,24.524,8,0.24,8.524000000000001,16
96,39.6,12.4,20.4,-30.8,-3.6,-11.6,43.2,51.2,30.8,27.2,19.2,1.55,0.45,24,3.6,-27.2,-8,4.4,35.2,11.6,-19.2,8,35.7,8,0.55,19.700000000000003,16
97,27.72,9.96,21.96,-19.8,-2.04,-14.04,29.76,41.76,19.8,17.76,5.76,1.66,0.34,24,2.04,-17.76,-12,3.96,23.76,14.04,-5.76,12,31.712,6,0.66,13.712,18
98,15.6,7.6,3.6,-10.4,-2.4,1.6,18.0,14.0,10.4,8.0,12.0,1.52,0.48,6,2.4,-8.0,4,2.6,13.0,-1.6,-12.0,-4,8.794,5,0.52,7.7940000000000005,1
99,3.0,5.5,14.5,-2.0,-4.5,-13.5,7.5,16.5,2.0,-2.5,-11.5,1.1,0.9,19,4.5,2.5,-9,0.5,2.5,13.5,11.5,9,15.526,5,0.1,1.5259999999999998,14
100,127.4,22.1,26.1,-109.2,-3.9,-7.9,131.3,135.3,109.2,105.3,101.3,1.7,0.3,30,3.9,-105.3,-4,9.1,118.3,7.9,-101.3,4,80.126,13,0.7,63.126000000000005,17
101,160.74,26.46,19.46,-143.82,-9.54,-2.54,170.28,163.28,143.82,134.28,141.28,1.47,0.53,29,9.54,-134.28,7,8.46,152.28,2.54,-141.28,-7,90.832,18,0.47,79.832,11
102,40.32,12.04,19.04,-30.24,-1.96,-8.96,42.28,49.28,30.24,28.28,21.28,1.72,0.28,21,1.96,-28.28,-7,5.04,35.28,8.96,-21.28,7,33.664,7,0.72,19.664,14
103,27.0,11.7,13.7,-21.6,-6.3,-8.3,33.3,35.3,21.6,15.3,13.3,1.3,0.7,20,6.3,-15.3,-2,2.7,24.3,8.3,-13.3,2,25.06,9,0.3,14.059999999999999,11
104,5.4,3.8,17.8,-1.8,-0.2,-14.2,5.6,19.6,1.8,1.6,-12.4,1.9,0.1,18,0.2,-1.6,-14,1.8,3.6,14.2,12.4,14,18.642,2,0.9,2.6419999999999995,16
105,35.2,13.2,4.2,-28.8,-6.8,2.2,42.0,33.0,28.8,22.0,31.0,1.32,0.68,11,6.8,-22.0,9,3.2,32.0,-2.2,-31.0,-9,18.354,10,0.32,17.354,1
106,16.6,7.32,14.32,-9.96,-0.68,-7.68,17.28,24.28,9.96,9.28,2.28,1.83,0.17,15,0.68,-9.28,-7,3.32,13.28,7.68,-2.28,7,19.23,4,0.83,8.23,11
107,16.0,7.2,15.2,-9.6,-0.8,-8.8,16.8,24.8,9.6,8.8,0.8,1.8,0.2,16,0.8,-8.8,-8,3.2,12.8,8.8,-0.8,8,19.888,4,0.8,7.888000000000002,12
108,34.86,10.98,23.98,-24.9,-1.02,-14.02,35.88,48.88,24.9,23.88,10.88,1.83,0.17,25,1.02,-23.88,-13,4.98,29.88,14.02,-10.88,13,36.188,6,0.83,17.188000000000002,19
109,198.9,28.05,27.05,-176.8,-5.95,-4.95,204.85,203.85,176.8,170.85,171.85,1.65,0.35,33,5.95,-170.85,1,11.05,187.85,4.95,-171.85,-1,115.51,17,0.65,99.51,16
110,67.34,17.81,15.81,-57.72,-8.19,-6.19,75.53,73.53,57.72,49.53,51.53,1.37,0.63,24,8.19,-49.53,2,4.81,62.53,6.19,-51.53,-2,44.752,13,0.37,33.752,11
111,182.7,26.18,27.18,-158.34,-1.82,-2.82,184.52,185.52,158.34,156.52,155.52,1.87,0.13,29,1.82,-156.52,-1,12.18,170.52,2.82,-155.52,1,106.854,14,0.87,91.854,15
112,136.8,25.2,15.2,-122.4,-10.8,-0.8,147.6,137.6,122.4,111.6,121.6,1.4,0.6,26,10.8,-111.6,10,7.2,129.6,0.8,-121.6,-10,77.448,18,0.4,69.448,8
113,18.72,10.08,4.08,-14.56,-5.92,0.08,24.64,18.64,14.56,8.64,14.64,1.26,0.74,10,5.92,-8.64,6,2.08,16.64,-0.08,-14.64,-6,11.648,8,0.26,9.648,2
114,141.96,22.92,28.92,-120.12,-1.08,-7.08,143.04,149.04,120.12,119.04,113.04,1.91,0.09,30,1.08,-119.04,-6,10.92,131.04,7.08,-113.04,6,88.562,12,0.91,70.562,18
115,1.84,1.92,16.92,0.0,-0.08,-15.08,1.92,16.92,0.0,-0.08,-15.08,1.92,0.08,17,0.08,0.08,-15,0.92,0.92,15.08,15.08,15,16.932,1,0.92,0.9319999999999986,16
116,102.6,24.13,20.13,-92.34,-13.87,-9.87,116.47,112.47,92.34,78.47,82.47,1.27,0.73,34,13.87,-78.47,4,5.13,97.47,9.87,-82.47,-4,65.444,19,0.27,50.444,15
117,67.08,17.16,20.16,-56.76,-6.84,-9.84,73.92,76.92,56.76,49.92,46.92,1.43,0.57,27,6.84,-49.92,-3,5.16,61.92,9.84,-46.92,3,47.798,12,0.43,32.798,15
118,197.4,27.16,31.16,-171.08,-0.84,-4.84,198.24,202.24,171.08,170.24,166.24,1.94,0.06,32,0.84,-170.24,-4,13.16,184.24,4.84,-166.24,4,117.004,14,0.94,99.004,18
119,146.64,23.28,13.28,-124.08,-0.72,9.28,147.36,137.36,124.08,123.36,133.36,1.94,0.06,14,0.72,-123.36,10,11.28,135.36,-9.28,-133.36,-10,75.186,12,0.94,73.186,2
120,75.24,17.27,10.27,-62.7,-4.73,2.27,79.97,72.97,62.7,57.97,64.97,1.57,0.43,15,4.73,-57.97,7,6.27,68.97,-2.27,-64.97,-7,41.804,11,0.57,37.804,4
121,228.0,30.4,17.4,-205.2,-7.6,5.4,235.6,222.6,205.2,197.6,210.6,1.6,0.4,25,7.6,-197.6,13,11.4,216.6,-5.4,-210.6,-13,120.548,19,0.6,114.548,6
122,214.2,30.2,22.2,-193.8,-9.8,-1.8,224.0,216.0,193.8,184.0,192.0,1.51,0.49,32,9.8,-184.0,8,10.2,204.0,1.8,-192.0,-8,118.122,20,0.51,106.122,12
123,17.6,7.52,4.52,-10.56,-0.48,2.52,18.08,15.08,10.56,10.08,13.08,1.88,0.12,5,0.48,-10.08,3,3.52,14.08,-2.52,-13.08,-3,9.784,4,0.88,8.784,1
124,134.4,26.4,6.4,-121.6,-13.6,6.4,148.0,128.0,121.6,108.0,128.0,1.32,0.68,20,13.6,-108.0,20,6.4,128.0,-6.4,-128.0,-20,69.024,20,0.32,69.024,0
125,156.0,24.75,12.75,-136.5,-5.25,6.75,161.25,149.25,136.5,131.25,143.25,1.65,0.35,18,5.25,-131.25,12,9.75,146.25,-6.75,-143.25,-12,82.316,15,0.65,79.316,3
126,6.3,6.9,7.9,-4.5,-5.1,-6.1,11.4,12.4,4.5,-0.6,-1.6,1.15,0.85,13,5.1,0.6,-1,0.9,5.4,6.1,1.6,1,9.84,6,0.15,2.84,7
127,2.2,4.44,10.44,-1.32,-3.56,-9.56,5.76,11.76,1.32,-2.24,-8.24,1.11,0.89,14,3.56,2.24,-6,0.44,1.76,9.56,8.24,6,11.19,4,0.11,1.1899999999999995,10
128,24.6,9.1,24.1,-16.4,-0.9,-15.9,25.5,40.5,16.4,15.5,0.5,1.82,0.18,25,0.9,-15.5,-15,4.1,20.5,15.9,-0.5,15,32.422,5,0.82,12.421999999999997,20
129,117.8,24.89,24.89,-106.02,-13.11,-13.11,130.91,130.91,106.02,92.91,92.91,1.31,0.69,38,13.11,-92.91,0,5.89,111.91,13.11,-92.91,0,78.436,19,0.31,59.43600000000001,19
130,3.6,3.2,8.2,-1.2,-0.8,-5.8,4.4,9.4,1.2,0.4,-4.6,1.6,0.4,9,0.8,-0.4,-5,1.2,2.4,5.8,4.6,5,8.862,2,0.6,1.862,7
131,184.8,28.8,24.8,-167.2,-11.2,-7.2,196.0,192.0,167.2,156.0,160.0,1.44,0.56,36,11.2,-156.0,4,8.8,176.0,7.2,-160.0,-4,108.554,20,0.44,92.554,16
132,18.9,10.89,11.89,-15.12,-7.11,-8.11,26.01,27.01,15.12,8.01,7.01,1.21,0.79,19,7.11,-8.01,-1,1.89,17.01,8.11,-7.01,1,19.426,9,0.21,9.425999999999998,10
133,142.8,26.8,13.8,-129.2,-13.2,-0.2,156.0,143.0,129.2,116.0,129.0,1.34,0.66,27,13.2,-116.0,13,6.8,136.0,0.2,-129.0,-13,78.032,20,0.34,71.032,7
134,2.7,5.45,13.45,-1.8,-4.55,-12.55,7.25,15.25,1.8,-2.75,-10.75,1.09,0.91,18,4.55,2.75,-8,0.45,2.25,12.55,10.75,8,14.474,5,0.09,1.4740000000000002,13
135,57.12,19.36,20.36,-50.4,-12.64,-13.64,69.76,70.76,50.4,37.76,36.76,1.21,0.79,33,12.64,-37.76,-1,3.36,53.76,13.64,-36.76,1,44.81,16,0.21,27.810000000000002,17
136,50.4,14.04,11.04,-40.32,-3.96,-0.96,54.36,51.36,40.32,36.36,39.36,1.56,0.44,15,3.96,-36.36,3,5.04,45.36,0.96,-39.36,-3,30.774,9,0.56,24.774,6
137,1.5,2.5,16.5,-0.5,-1.5,-15.5,3.0,17.0,0.5,-1.0,-15.0,1.25,0.75,18,1.5,1.0,-14,0.5,1.0,15.5,15.0,14,16.776,2,0.25,0.7759999999999998,16
138,247.52,30.56,30.56,-218.4,-1.44,-1.44,248.96,248.96,218.4,216.96,216.96,1.91,0.09,32,1.44,-216.96,0,14.56,232.96,1.44,-216.96,0,140.562,16,0.91,124.56200000000001,16
139,109.44,23.76,19.76,-97.92,-12.24,-8.24,121.68,117.68,97.92,85.68,89.68,1.32,0.68,32,12.24,-85.68,4,5.76,103.68,8.24,-89.68,-4,69.918,18,0.32,55.918000000000006,14
140,323.0,35.15,22.15,-290.7,-2.85,10.15,325.85,312.85,290.7,287.85,300.85,1.85,0.15,25,2.85,-287.85,13,16.15,306.85,-10.15,-300.85,-13,167.844,19,0.85,161.844,6
141,13.0,6.6,18.6,-7.8,-1.4,-13.4,14.4,26.4,7.8,6.4,-5.6,1.65,0.35,20,1.4,-6.4,-12,2.6,10.4,13.4,5.6,12,22.694,4,0.65,6.693999999999999,16
142,133.0,25.65,8.65,-119.7,-12.35,4.65,145.35,128.35,119.7,107.35,124.35,1.35,0.65,21,12.35,-107.35,17,6.65,126.35,-4.65,-124.35,-17,68.458,19,0.35,66.458,2
143,277.02,32.58,26.58,-247.86,-3.42,2.58,280.44,274.44,247.86,244.44,250.44,1.81,0.19,30,3.42,-244.44,6,14.58,262.44,-2.58,-250.44,-6,152.374,18,0.81,140.374,12
144,32.4,12.24,8.24,-25.92,-5.76,-1.76,38.16,34.16,25.92,20.16,24.16,1.36,0.64,14,5.76,-20.16,4,3.24,29.16,1.76,-24.16,-4,21.548,9,0.36,16.548,5
145,0.72,1.36,13.36,0.0,-0.64,-12.64,1.36,13.36,0.0,-0.64,-12.64,1.36,0.64,14,0.64,0.64,-12,0.36,0.36,12.64,12.64,12,13.386,1,0.36,0.38599999999999923,13
146,1.78,1.89,4.89,0.0,-0.11,-3.11,1.89,4.89,0.0,-0.11,-3.11,1.89,0.11,5,0.11,0.11,-3,0.89,0.89,3.11,3.11,3,4.862,1,0.89,0.8620000000000001,4
147,269.28,31.96,25.96,-239.36,-2.04,3.96,271.32,265.32,239.36,237.32,243.32,1.88,0.12,28,2.04,-237.32,6,14.96,254.32,-3.96,-243.32,-6,147.01,17,0.88,136.01,11
148,35.7,11.1,17.1,-25.5,-0.9,-6.9,36.6,42.6,25.5,24.6,18.6,1.85,0.15,18,0.9,-24.6,-6,5.1,30.6,6.9,-18.6,6,29.938,6,0.85,17.938,12
149,4.74,3.58,15.58,-1.58,-0.42,-12.42,5.16,17.16,1.58,1.16,-10.84,1.79,0.21,16,0.42,-1.16,-12,1.58,3.16,12.42,10.84,12,16.232,2,0.79,2.2319999999999993,14
150,42.48,12.72,19.72,-33.04,-3.28,-10.28,45.76,52.76,33.04,29.76,22.76,1.59,0.41,23,3.28,-29.76,-7,4.72,37.76,10.28,-22.76,7,36.274,8,0.59,21.274,15
151,2.1,6.3,11.3,-1.5,-5.7,-10.7,7.8,12.8,1.5,-4.2,-9.2,1.05,0.95,17,5.7,4.2,-5,0.3,1.8,10.7,9.2,5,12.04,6,0.05,1.0399999999999991,11
152,51.68,19.04,10.04,-45.6,-12.96,-3.96,64.64,55.64,45.6,32.64,41.64,1.19,0.81,23,12.96,-32.64,9,3.04,48.64,3.96,-41.64,-9,32.334,16,0.19,25.334000000000003,7
153,41.8,21.09,21.09,-37.62,-16.91,-16.91,58.71,58.71,37.62,20.71,20.71,1.11,0.89,38,16.91,-20.71,0,2.09,39.71,16.91,-20.71,0,40.692,19,0.11,21.692,19
154,163.4,27.17,11.17,-147.06,-10.83,5.17,174.23,158.23,147.06,136.23,152.23,1.43,0.57,22,10.83,-136.23,16,8.17,155.23,-5.17,-152.23,-16,83.92,19,0.43,80.92,3
155,22.32,10.48,3.48,-17.36,-5.52,1.48,27.84,20.84,17.36,11.84,18.84,1.31,0.69,9,5.52,-11.84,7,2.48,19.84,-1.48,-18.84,-7,12.134,8,0.31,11.134,1
156,40.5,13.05,13.05,-32.4,-4.95,-4.95,45.45,45.45,32.4,27.45,27.45,1.45,0.55,18,4.95,-27.45,0,4.05,36.45,4.95,-27.45,0,28.778,9,0.45,19.778,9
157,5.46,3.82,5.82,-1.82,-0.18,-2.18,5.64,7.64,1.82,1.64,-0.36,1.91,0.09,6,0.18,-1.64,-2,1.82,3.64,2.18,0.36,2,6.768,2,0.91,2.768,4
158,16.8,7.36,9.36,-10.08,-0.64,-2.64,17.44,19.44,10.08,9.44,7.44,1.84,0.16,10,0.64,-9.44,-2,3.36,13.44,2.64,-7.44,2,14.376,4,0.84,8.376,6
159,40.04,15.86,19.86,-34.32,-10.14,-14.14,50.18,54.18,34.32,24.18,20.18,1.22,0.78,30,10.14,-24.18,-4,2.86,37.18,14.14,-20.18,4,36.666,13,0.22,19.665999999999997,17
160,36.96,11.62,11.62,-27.72,-2.38,-2.38,39.34,39.34,27.72,25.34,25.34,1.66,0.34,14,2.38,-25.34,0,4.62,32.34,2.38,-25.34,0,25.512,7,0.66,18.512,7
161,9.66,7.38,8.38,-6.9,-4.62,-5.62,14.28,15.28,6.9,2.28,1.28,1.23,0.77,13,4.62,-2.28,-1,1.38,8.28,5.62,-1.28,1,11.92,6,0.23,4.92,7
162,138.84,22.68,16.68,-117.48,-1.32,4.68,140.16,134.16,117.48,116.16,122.16,1.89,0.11,18,1.32,-116.16,6,10.68,128.16,-4.68,-122.16,-6,75.388,12,0.89,69.388,6
163,162.18,26.01,27.01,-144.16,-7.99,-8.99,170.17,171.17,144.16,136.17,135.17,1.53,0.47,35,7.99,-136.17,-1,9.01,153.17,8.99,-135.17,1,99.648,17,0.53,81.648,18
164,2.76,3.69,16.69,-1.38,-2.31,-15.31,5.07,18.07,1.38,-0.93,-13.93,1.23,0.77,19,2.31,0.93,-13,0.69,2.07,15.31,13.93,13,17.374,3,0.23,1.3739999999999988,16
165,3.3,5.55,15.55,-2.2,-4.45,-14.45,7.75,17.75,2.2,-2.25,-12.25,1.11,0.89,20,4.45,2.25,-10,0.55,2.75,14.45,12.25,10,16.63,5,0.11,1.629999999999999,15
166,160.8,25.05,10.05,-140.7,-4.95,10.05,165.75,150.75,140.7,135.75,150.75,1.67,0.33,15,4.95,-135.75,15,10.05,150.75,-10.05,-150.75,-15,81.1,15,0.67,81.1,0
167,38.16,12.24,12.24,-29.68,-3.76,-3.76,41.92,41.92,29.68,25.92,25.92,1.53,0.47,16,3.76,-25.92,0,4.24,33.92,3.76,-25.92,0,26.812,8,0.53,18.812,8
168,204.0,28.0,19.0,-180.0,-4.0,5.0,208.0,199.0,180.0,176.0,185.0,1.75,0.25,23,4.0,-176.0,9,12.0,192.0,-5.0,-185.0,-9,109.32,16,0.75,102.32,7
169,52.02,19.89,19.89,-46.24,-14.11,-14.11,66.13,66.13,46.24,32.13,32.13,1.17,0.83,34,14.11,-32.13,0,2.89,49.13,14.11,-32.13,0,43.15,17,0.17,26.15,17
170,1.6,4.32,8.32,-0.96,-3.68,-7.68,5.28,9.28,0.96,-2.72,-6.72,1.08,0.92,12,3.68,2.72,-4,0.32,1.28,7.68,6.72,4,8.828,4,0.08,0.8279999999999994,8
171,250.92,30.94,25.94,-223.04,-3.06,1.94,253.98,248.98,223.04,219.98,224.98,1.82,0.18,29,3.06,-219.98,5,13.94,236.98,-1.94,-224.98,-5,137.404,17,0.82,125.404,12
172,47.52,14.96,22.96,-39.6,-7.04,-15.04,54.56,62.56,39.6,32.56,24.56,1.36,0.64,30,7.04,-32.56,-8,3.96,43.56,15.04,-24.56,8,41.6,11,0.36,22.6,19
173,273.6,32.4,15.4,-244.8,-3.6,13.4,277.2,260.2,244.8,241.2,258.2,1.8,0.2,19,3.6,-241.2,17,14.4,259.2,-13.4,-258.2,-17,137.67,18,0.8,136.67,1
174,38.28,14.19,22.19,-31.9,-7.81,-15.81,46.09,54.09,31.9,24.09,16.09,1.29,0.71,30,7.81,-24.09,-8,3.19,35.09,15.81,-16.09,8,37.92,11,0.29,18.92,19
175,75.6,16.56,21.56,-60.48,-1.44,-6.44,77.04,82.04,60.48,59.04,54.04,1.84,0.16,23,1.44,-59.04,-5,7.56,68.04,6.44,-54.04,5,51.692,9,0.84,37.692,14
176,44.24,12.53,24.53,-33.18,-1.47,-13.47,45.71,57.71,33.18,31.71,19.71,1.79,0.21,26,1.47,-31.71,-12,5.53,38.71,13.47,-19.71,12,41.214,7,0.79,22.214,19
177,31.5,16.1,2.1,-27.3,-11.9,2.1,43.4,29.4,27.3,15.4,29.4,1.15,0.85,14,11.9,-15.4,14,2.1,29.4,-2.1,-29.4,-14,16.482,14,0.15,16.482,0
178,25.76,10.22,3.22,-19.32,-3.78,3.22,29.54,22.54,19.32,15.54,22.54,1.46,0.54,7,3.78,-15.54,7,3.22,22.54,-3.22,-22.54,-7,12.562,7,0.46,12.562,0
179,24.48,18.36,17.36,-21.76,-15.64,-14.64,40.12,39.12,21.76,6.12,7.12,1.08,0.92,33,15.64,-6.12,1,1.36,23.12,14.64,-7.12,-1,27.986,17,0.08,11.986,16
180,87.12,18.26,19.26,-72.6,-3.74,-4.74,90.86,91.86,72.6,68.86,67.86,1.66,0.34,23,3.74,-68.86,-1,7.26,79.86,4.74,-67.86,1,56.488,11,0.66,44.488,12
181,123.12,24.48,21.48,-110.16,-11.52,-8.52,134.64,131.64,110.16,98.64,101.64,1.36,0.64,33,11.52,-98.64,3,6.48,116.64,8.52,-101.64,-3,77.426,18,0.36,62.426,15
182,60.5,15.5,7.5,-49.5,-4.5,3.5,65.0,57.0,49.5,45.0,53.0,1.55,0.45,12,4.5,-45.0,8,5.5,55.0,-3.5,-53.0,-8,32.392,10,0.55,30.392000000000003,2
183,153.0,25.5,26.5,-136.0,-8.5,-9.5,161.5,162.5,136.0,127.5,126.5,1.5,0.5,35,8.5,-127.5,-1,8.5,144.5,9.5,-126.5,1,95.402,17,0.5,77.402,18
184,8.0,5.6,3.6,-4.8,-2.4,-0.4,10.4,8.4,4.8,2.4,4.4,1.4,0.6,6,2.4,-2.4,2,1.6,6.4,0.4,-4.4,-2,5.826,4,0.4,3.8259999999999996,2
185,7.8,4.95,6.95,-3.9,-1.05,-3.05,8.85,10.85,3.9,2.85,0.85,1.65,0.35,8,1.05,-2.85,-2,1.95,5.85,3.05,-0.85,2,8.934,3,0.65,3.9339999999999993,5
186,57.6,14.76,17.76,-46.08,-3.24,-6.24,60.84,63.84,46.08,42.84,39.84,1.64,0.36,21,3.24,-42.84,-3,5.76,51.84,6.24,-39.84,3,40.46,9,0.64,28.46,12
187,226.8,30.8,22.8,-205.2,-9.2,-1.2,236.0,228.0,205.2,196.0,204.0,1.54,0.46,32,9.2,-196.0,8,10.8,216.0,1.2,-204.0,-8,127.6,20,0.54,115.6,12
188,17.2,7.44,5.44,-10.32,-0.56,1.44,17.76,15.76,10.32,9.76,11.76,1.86,0.14,6,0.56,-9.76,2,3.44,13.76,-1.44,-11.76,-2,10.684,4,0.86,8.684,2
189,99.0,19.25,25.25,-82.5,-2.75,-8.75,101.75,107.75,82.5,79.75,73.75,1.75,0.25,28,2.75,-79.75,-6,8.25,90.75,8.75,-73.75,6,66.55,11,0.75,49.55,17
190,75.9,16.9,6.9,-62.1,-3.1,6.9,79.0,69.0,62.1,59.0,69.0,1.69,0.31,10,3.1,-59.0,10,6.9,69.0,-6.9,-69.0,-10,37.708,10,0.69,37.708,0
191,88.92,18.84,14.84,-75.24,-5.16,-1.16,94.08,90.08,75.24,70.08,74.08,1.57,0.43,20,5.16,-70.08,4,6.84,82.08,1.16,-74.08,-4,53.278,12,0.57,45.278,8
192,193.8,28.69,28.69,-174.42,-9.31,-9.31,203.11,203.11,174.42,165.11,165.11,1.51,0.49,38,9.31,-165.11,0,9.69,184.11,9.31,-165.11,0,115.936,19,0.51,96.936,19
193,278.46,32.47,34.47,-247.52,-1.53,-3.53,279.99,281.99,247.52,245.99,243.99,1.91,0.09,36,1.53,-245.99,-2,15.47,262.99,3.53,-243.99,2,157.916,17,0.91,138.916,19
194,51.84,13.76,22.76,-40.32,-2.24,-11.24,54.08,63.08,40.32,38.08,29.08,1.72,0.28,25,2.24,-38.08,-9,5.76,46.08,11.24,-29.08,9,43.616,8,0.72,26.616,17
195,5.6,7.7,16.7,-4.2,-6.3,-15.3,11.9,20.9,4.2,-2.1,-11.1,1.1,0.9,23,6.3,2.1,-9,0.7,4.9,15.3,11.1,9,18.894,7,0.1,2.8939999999999984,16
196,1.08,2.36,1.36,-0.36,-1.64,-0.64,2.72,1.72,0.36,-1.28,-0.28,1.18,0.82,3,1.64,1.28,1,0.36,0.72,0.64,0.28,-1,1.546,2,0.18,0.546,1
197,28.08,11.12,5.12,-21.84,-4.88,1.12,32.96,26.96,21.84,16.96,22.96,1.39,0.61,10,4.88,-16.96,6,3.12,24.96,-1.12,-22.96,-6,16.006,8,0.39,14.006,2
198,105.0,21.0,15.0,-91.0,-7.0,-1.0,112.0,106.0,91.0,84.0,90.0,1.5,0.5,22,7.0,-84.0,6,7.0,98.0,1.0,-90.0,-6,60.332,14,0.5,52.332,8
199,6.16,7.77,10.77,-4.62,-6.23,-9.23,12.39,15.39,4.62,-1.61,-4.61,1.11,0.89,17,6.23,1.61,-3,0.77,5.39,9.23,4.61,3,12.946,7,0.11,2.9459999999999997,10
200,40.7,13.7,20.7,-33.3,-6.3,-13.3,47.0,54.0,33.3,27.0,20.0,1.37,0.63,27,6.3,-27.0,-7,3.7,37.0,13.3,-20.0,7,37.088,10,0.37,20.088,17
201,171.08,25.22,26.22,-146.64,-0.78,-1.78,171.86,172.86,146.64,145.86,144.86,1.94,0.06,27,0.78,-145.86,-1,12.22,158.86,1.78,-144.86,1,99.208,13,0.94,85.208,14
202,11.52,9.28,16.28,-8.96,-6.72,-13.72,18.24,25.24,8.96,2.24,-4.76,1.16,0.84,23,6.72,-2.24,-7,1.28,10.24,13.72,4.76,7,20.776,8,0.16,5.776,15
203,84.0,19.6,18.6,-72.8,-8.4,-7.4,92.4,91.4,72.8,64.4,65.4,1.4,0.6,27,8.4,-64.4,1,5.6,78.4,7.4,-65.4,-1,55.352,14,0.4,42.352,13
204,19.8,11.8,4.8,-16.2,-8.2,-1.2,28.0,21.0,16.2,8.0,15.0,1.18,0.82,13,8.2,-8.0,7,1.8,18.0,1.2,-15.0,-7,12.72,10,0.18,9.72,3
205,16.5,11.5,9.5,-13.5,-8.5,-6.5,25.0,23.0,13.5,5.0,7.0,1.15,0.85,18,8.5,-5.0,2,1.5,15.0,6.5,-7.0,-2,16.174,10,0.15,8.174,8
206,246.24,30.96,28.96,-220.32,-5.04,-3.04,251.28,249.28,220.32,215.28,217.28,1.72,0.28,34,5.04,-215.28,2,12.96,233.28,3.04,-217.28,-2,139.568,18,0.72,123.56800000000001,16
207,10.64,8.33,5.33,-7.98,-5.67,-2.67,16.31,13.31,7.98,2.31,5.31,1.19,0.81,11,5.67,-2.31,3,1.33,9.31,2.67,-5.31,-3,9.358,7,0.19,5.3580000000000005,4
208,117.48,20.79,17.79,-97.9,-1.21,1.79,118.69,115.69,97.9,96.69,99.69,1.89,0.11,19,1.21,-96.69,3,9.79,107.69,-1.79,-99.69,-3,67.0,11,0.89,59.0,8
209,48.84,15.07,20.07,-40.7,-6.93,-11.93,55.77,60.77,40.7,33.77,28.77,1.37,0.63,27,6.93,-33.77,-5,4.07,44.77,11.93,-28.77,5,39.434,11,0.37,23.433999999999997,16
210,0.8,1.4,14.4,0.0,-0.6,-13.6,1.4,14.4,0.0,-0.6,-13.6,1.4,0.6,15,0.6,0.6,-13,0.4,0.4,13.6,13.6,13,14.364,1,0.4,0.36400000000000077,14
211,60.06,17.29,5.29,-51.48,-8.71,3.29,68.77,56.77,51.48,42.77,54.77,1.33,0.67,14,8.71,-42.77,12,4.29,55.77,-3.29,-54.77,-12,31.004,13,0.33,30.004,1
212,21.0,15.4,16.4,-18.2,-12.6,-13.6,33.6,34.6,18.2,5.6,4.6,1.1,0.9,29,12.6,-5.6,-1,1.4,19.6,13.6,-4.6,1,25.664,14,0.1,10.664000000000001,15
213,17.4,7.48,11.48,-10.44,-0.52,-4.52,17.92,21.92,10.44,9.92,5.92,1.87,0.13,12,0.52,-9.92,-4,3.48,13.92,4.52,-5.92,4,16.598,4,0.87,8.597999999999999,8
214,38.08,11.76,21.76,-28.56,-2.24,-12.24,40.32,50.32,28.56,26.32,16.32,1.68,0.32,24,2.24,-26.32,-10,4.76,33.32,12.24,-16.32,10,36.16,7,0.68,19.159999999999997,17
215,15.12,8.89,12.89,-11.34,-5.11,-9.11,20.23,24.23,11.34,6.23,2.23,1.27,0.73,18,5.11,-6.23,-4,1.89,13.23,9.11,-2.23,4,18.492,7,0.27,7.492000000000001,11
216,18.9,8.7,3.7,-13.5,-3.3,1.7,22.2,17.2,13.5,10.2,15.2,1.45,0.55,7,3.3,-10.2,5,2.7,16.2,-1.7,-15.2,-5,10.636,6,0.45,9.636,1
217,242.82,30.78,14.78,-217.26,-5.22,10.78,248.04,232.04,217.26,212.04,228.04,1.71,0.29,20,5.22,-212.04,16,12.78,230.04,-10.78,-228.04,-16,122.758,18,0.71,120.758,2
218,126.54,24.66,26.66,-113.22,-11.34,-13.34,137.88,139.88,113.22,101.88,99.88,1.37,0.63,38,11.34,-101.88,-2,6.66,119.88,13.34,-99.88,2,83.738,18,0.37,63.738,20
219,17.64,8.52,5.52,-12.6,-3.48,-0.48,21.12,18.12,12.6,9.12,12.12,1.42,0.58,9,3.48,-9.12,3,2.52,15.12,0.48,-12.12,-3,11.606,6,0.42,8.606,3
220,63.36,15.04,13.04,-49.28,-0.96,1.04,64.32,62.32,49.28,48.32,50.32,1.88,0.12,14,0.96,-48.32,2,7.04,56.32,-1.04,-50.32,-2,37.42,8,0.88,31.42,6
221,26.46,9.78,22.78,-18.9,-2.22,-15.22,28.68,41.68,18.9,16.68,3.68,1.63,0.37,25,2.22,-16.68,-13,3.78,22.68,15.22,-3.68,13,32.142,6,0.63,13.142000000000003,19
222,24.6,9.1,11.1,-16.4,-0.9,-2.9,25.5,27.5,16.4,15.5,13.5,1.82,0.18,12,0.9,-15.5,-2,4.1,20.5,2.9,-13.5,2,19.144,5,0.82,12.143999999999998,7
223,10.2,5.55,19.55,-5.1,-0.45,-14.45,10.65,24.65,5.1,4.65,-9.35,1.85,0.15,20,0.45,-4.65,-14,2.55,7.65,14.45,9.35,14,22.068,3,0.85,5.068000000000001,17
224,14.28,8.04,17.04,-10.2,-3.96,-12.96,18.24,27.24,10.2,6.24,-2.76,1.34,0.66,21,3.96,-6.24,-9,2.04,12.24,12.96,2.76,9,22.368,6,0.34,7.3679999999999986,15
225,156.06,25.67,10.67,-138.72,-8.33,6.67,164.39,149.39,138.72,130.39,145.39,1.51,0.49,19,8.33,-130.39,15,8.67,147.39,-6.67,-145.39,-15,79.288,17,0.51,77.288,2
226,5.04,3.68,4.68,-1.68,-0.32,-1.32,5.36,6.36,1.68,1.36,0.36,1.84,0.16,5,0.32,-1.36,-1,1.68,3.36,1.32,-0.36,1,5.504,2,0.84,2.5039999999999996,3
227,0.2,1.1,10.1,0.0,-0.9,-9.9,1.1,10.1,0.0,-0.9,-9.9,1.1,0.9,11,0.9,0.9,-9,0.1,0.1,9.9,9.9,9,10.092,1,0.1,0.09200000000000053,10
228,27.6,9.6,16.6,-18.4,-0.4,-7.4,28.0,35.0,18.4,18.0,11.0,1.92,0.08,17,0.4,-18.0,-7,4.6,23.0,7.4,-11.0,7,25.826,5,0.92,13.826,12
229,84.0,24.0,16.0,-76.0,-16.0,-8.0,100.0,92.0,76.0,60.0,68.0,1.2,0.8,32,16.0,-60.0,8,4.0,80.0,8.0,-68.0,-8,51.986,20,0.2,39.986,12
230,201.6,29.6,9.6,-182.4,-10.4,9.6,212.0,192.0,182.4,172.0,192.0,1.48,0.52,20,10.4,-172.0,20,9.6,192.0,-9.6,-192.0,-20,101.328,20,0.48,101.328,0
231,222.3,29.7,23.7,-198.9,-6.3,-0.3,228.6,222.6,198.9,192.6,198.6,1.65,0.35,30,6.3,-192.6,6,11.7,210.6,0.3,-198.6,-6,121.568,18,0.65,109.568,12
232,14.4,7.4,14.4,-9.6,-2.6,-9.6,17.0,24.0,9.6,7.0,0.0,1.48,0.52,17,2.6,-7.0,-7,2.4,12.0,9.6,0.0,7,19.144,5,0.48,7.143999999999998,12
233,3.96,3.99,4.99,-1.98,-2.01,-3.01,5.97,6.97,1.98,-0.03,-1.03,1.33,0.67,7,2.01,0.03,-1,0.99,2.97,3.01,1.03,1,6.11,3,0.33,2.1100000000000003,4
234,60.3,15.03,11.03,-48.24,-2.97,1.03,63.27,59.27,48.24,45.27,49.27,1.67,0.33,14,2.97,-45.27,4,6.03,54.27,-1.03,-49.27,-4,35.268,9,0.67,30.268,5
235,268.8,32.8,21.8,-243.2,-7.2,3.8,276.0,265.0,243.2,236.0,247.0,1.64,0.36,29,7.2,-236.0,11,12.8,256.0,-3.8,-247.0,-11,144.75,20,0.64,135.75,9
236,1.26,2.42,20.42,-0.42,-1.58,-19.58,2.84,20.84,0.42,-1.16,-19.16,1.21,0.79,22,1.58,1.16,-18,0.42,0.84,19.58,19.16,18,20.566,2,0.21,0.565999999999999,20
237,242.08,30.24,23.24,-213.6,-1.76,5.24,243.84,236.84,213.6,211.84,218.84,1.89,0.11,25,1.76,-211.84,7,14.24,227.84,-5.24,-218.84,-7,129.342,16,0.89,120.34200000000001,9
238,56.88,14.32,17.32,-44.24,-1.68,-4.68,58.56,61.56,44.24,42.56,39.56,1.79,0.21,19,1.68,-42.56,-3,6.32,50.56,4.68,-39.56,3,39.408,8,0.79,28.408,11
239,106.08,22.24,15.24,-93.6,-9.76,-2.76,115.84,108.84,93.6,83.84,90.84,1.39,0.61,25,9.76,-83.84,7,6.24,99.84,2.76,-90.84,-7,61.566,16,0.39,52.566,9
240,253.98,31.11,15.11,-225.76,-2.89,13.11,256.87,240.87,225.76,222.87,238.87,1.83,0.17,18,2.89,-222.87,16,14.11,239.87,-13.11,-238.87,-16,127.142,17,0.83,126.142,1
241,22.96,9.87,8.87,-17.22,-4.13,-3.13,27.09,26.09,17.22,13.09,14.09,1.41,0.59,13,4.13,-13.09,1,2.87,20.09,3.13,-14.09,-1,17.27,7,0.41,11.27,6
242,64.68,16.39,12.39,-53.9,-5.61,-1.61,70.29,66.29,53.9,48.29,52.29,1.49,0.51,18,5.61,-48.29,4,5.39,59.29,1.61,-52.29,-4,39.002,11,0.49,32.002,7
243,26.1,9.35,19.35,-17.4,-0.65,-10.65,26.75,36.75,17.4,16.75,6.75,1.87,0.13,20,0.65,-16.75,-10,4.35,21.75,10.65,-6.75,10,28.132,5,0.87,13.132000000000001,15
244,249.66,31.14,24.14,-223.38,-4.86,2.14,254.52,247.52,223.38,218.52,225.52,1.73,0.27,29,4.86,-218.52,7,13.14,236.52,-2.14,-225.52,-7,134.416,18,0.73,123.416,11
245,37.44,12.16,8.16,-29.12,-3.84,0.16,41.28,37.28,29.12,25.28,29.28,1.52,0.48,12,3.84,-25.28,4,4.16,33.28,-0.16,-29.28,-4,22.986,8,0.52,18.986,4
246,23.52,9.36,22.36,-16.8,-2.64,-15.64,26.16,39.16,16.8,14.16,1.16,1.56,0.44,25,2.64,-14.16,-13,3.36,20.16,15.64,-1.16,13,30.74,6,0.56,11.739999999999998,19
247,163.2,25.6,23.6,-144.0,-6.4,-4.4,169.6,167.6,144.0,137.6,139.6,1.6,0.4,30,6.4,-137.6,2,9.6,153.6,4.4,-139.6,-2,96.802,16,0.6,82.802,14
248,6.16,7.77,0.77,-4.62,-6.23,0.77,12.39,5.39,4.62,-1.61,5.39,1.11,0.89,7,6.23,1.61,7,0.77,5.39,-0.77,-5.39,-7,3.032,7,0.11,3.032,0
249,39.06,11.58,15.58,-27.9,-0.42,-4.42,39.48,43.48,27.9,27.48,23.48,1.93,0.07,16,0.42,-27.48,-4,5.58,33.48,4.42,-23.48,4,29.244,6,0.93,19.244,10
250,199.2,27.45,26.45,-174.3,-2.55,-1.55,201.75,200.75,174.3,171.75,172.75,1.83,0.17,29,2.55,-171.75,1,12.45,186.75,1.55,-172.75,-1,113.158,15,0.83,99.158,14
251,204.0,27.75,23.75,-178.5,-2.25,1.75,206.25,202.25,178.5,176.25,180.25,1.85,0.15,26,2.25,-176.25,4,12.75,191.25,-1.75,-180.25,-4,112.478,15,0.85,101.478,11
252,48.4,14.4,8.4,-39.6,-5.6,0.4,54.0,48.0,39.6,34.0,40.0,1.44,0.56,14,5.6,-34.0,6,4.4,44.0,-0.4,-40.0,-6,27.952,10,0.44,23.952,4
253,57.2,15.2,10.2,-46.8,-4.8,0.2,62.0,57.0,46.8,42.0,47.0,1.52,0.48,15,4.8,-42.0,5,5.2,52.0,-0.2,-47.0,-5,34.008,10,0.52,29.008000000000003,5
254,97.68,19.14,13.14,-81.4,-2.86,3.14,100.54,94.54,81.4,78.54,84.54,1.74,0.26,16,2.86,-78.54,6,8.14,89.54,-3.14,-84.54,-6,54.232,11,0.74,49.232,5
255,108.24,20.02,23.02,-90.2,-1.98,-4.98,110.22,113.22,90.2,88.22,85.22,1.82,0.18,25,1.98,-88.22,-3,9.02,99.22,4.98,-85.22,3,67.554,11,0.82,53.554,14
256,21.0,15.4,10.4,-18.2,-12.6,-7.6,33.6,28.6,18.2,5.6,10.6,1.1,0.9,23,12.6,-5.6,5,1.4,19.6,7.6,-10.6,-5,20.046,14,0.1,11.046,9
257,10.56,5.64,18.64,-5.28,-0.36,-13.36,10.92,23.92,5.28,4.92,-8.08,1.88,0.12,19,0.36,-4.92,-13,2.64,7.92,13.36,8.08,13,21.312,3,0.88,5.312000000000001,16
258,72.8,18.2,12.2,-62.4,-7.8,-1.8,80.6,74.6,62.4,54.6,60.6,1.4,0.6,20,7.8,-54.6,6,5.2,67.6,1.8,-60.6,-6,43.25,13,0.4,36.25,7
259,24.2,12.2,11.2,-19.8,-7.8,-6.8,32.0,31.0,19.8,12.0,13.0,1.22,0.78,19,7.8,-12.0,1,2.2,22.0,6.8,-13.0,-1,20.804,10,0.22,11.803999999999998,9
260,1.38,2.46,6.46,-0.46,-1.54,-5.54,2.92,6.92,0.46,-1.08,-5.08,1.23,0.77,8,1.54,1.08,-4,0.46,0.92,5.54,5.08,4,6.674,2,0.23,0.6740000000000004,6
261,281.4,33.4,13.4,-254.6,-6.6,13.4,288.0,268.0,254.6,248.0,268.0,1.67,0.33,20,6.6,-248.0,20,13.4,268.0,-13.4,-268.0,-20,140.784,20,0.67,140.784,0
262,0.3,1.15,2.15,0.0,-0.85,-1.85,1.15,2.15,0.0,-0.85,-1.85,1.15,0.85,3,0.85,0.85,-1,0.15,0.15,1.85,1.85,1,2.16,1,0.15,0.16000000000000014,2
263,47.52,14.96,4.96,-39.6,-7.04,2.96,54.56,44.56,39.6,32.56,42.56,1.36,0.64,12,7.04,-32.56,10,3.96,43.56,-2.96,-42.56,-10,24.56,11,0.36,23.56,1
264,68.2,16.2,6.2,-55.8,-3.8,6.2,72.0,62.0,55.8,52.0,62.0,1.62,0.38,10,3.8,-52.0,10,6.2,62.0,-6.2,-62.0,-10,33.92,10,0.62,33.92,0
265,3.48,3.87,11.87,-1.74,-2.13,-10.13,5.61,13.61,1.74,-0.39,-8.39,1.29,0.71,14,2.13,0.39,-8,0.87,2.61,10.13,8.39,8,12.672,3,0.29,1.6720000000000006,11
266,241.74,30.43,13.43,-214.88,-3.57,13.43,245.31,228.31,214.88,211.31,228.31,1.79,0.21,17,3.57,-211.31,17,13.43,228.31,-13.43,-228.31,-17,121.81,17,0.79,121.81,0
267,55.8,14.58,24.58,-44.64,-3.42,-13.42,59.22,69.22,44.64,41.22,31.22,1.62,0.38,28,3.42,-41.22,-10,5.58,50.22,13.42,-31.22,10,47.124,9,0.62,28.124000000000002,19
268,5.64,4.41,7.41,-2.82,-1.59,-4.59,7.23,10.23,2.82,1.23,-1.77,1.47,0.53,9,1.59,-1.23,-3,1.41,4.23,4.59,1.77,3,8.926,3,0.47,2.926,6
269,40.7,13.7,5.7,-33.3,-6.3,1.7,47.0,39.0,33.3,27.0,35.0,1.37,0.63,12,6.3,-27.0,8,3.7,37.0,-1.7,-35.0,-8,22.494,10,0.37,20.494,2
270,201.28,27.84,17.84,-177.6,-4.16,5.84,205.44,195.44,177.6,173.44,183.44,1.74,0.26,22,4.16,-173.44,10,11.84,189.44,-5.84,-183.44,-10,106.632,16,0.74,100.632,6
271,1.66,1.83,5.83,0.0,-0.17,-4.17,1.83,5.83,0.0,-0.17,-4.17,1.83,0.17,6,0.17,0.17,-4,0.83,0.83,4.17,4.17,4,5.82,1,0.83,0.8200000000000003,5
272,289.8,33.8,30.8,-262.2,-6.2,-3.2,296.0,293.0,262.2,256.0,259.0,1.69,0.31,37,6.2,-256.0,3,13.8,276.0,3.2,-259.0,-3,161.392,20,0.69,144.392,17
273,68.4,22.42,18.42,-61.56,-15.58,-11.58,83.98,79.98,61.56,45.98,49.98,1.18,0.82,34,15.58,-45.98,4,3.42,64.98,11.58,-49.98,-4,49.758,19,0.18,34.758,15
274,66.96,15.44,20.44,-52.08,-0.56,-5.56,67.52,72.52,52.08,51.52,46.52,1.93,0.07,21,0.56,-51.52,-5,7.44,59.52,5.56,-46.52,5,46.746,8,0.93,33.746,13
275,52.8,15.4,19.4,-44.0,-6.6,-10.6,59.4,63.4,44.0,37.4,33.4,1.4,0.6,26,6.6,-37.4,-4,4.4,48.4,10.6,-33.4,4,42.078,11,0.4,27.078000000000003,15
276,1.02,2.34,17.34,-0.34,-1.66,-16.66,2.68,17.68,0.34,-1.32,-16.32,1.17,0.83,19,1.66,1.32,-15,0.34,0.68,16.66,16.32,15,17.552,2,0.17,0.5519999999999996,17
277,11.6,6.32,16.32,-6.96,-1.68,-11.68,13.28,23.28,6.96,5.28,-4.72,1.58,0.42,18,1.68,-5.28,-10,2.32,9.28,11.68,4.72,10,19.962,4,0.58,5.962,14
278,61.2,15.12,7.12,-48.96,-2.88,5.12,64.08,56.08,48.96,46.08,54.08,1.68,0.32,10,2.88,-46.08,8,6.12,55.08,-5.12,-54.08,-8,31.072,9,0.68,30.072,1
279,68.0,20.0,11.0,-60.0,-12.0,-3.0,80.0,71.0,60.0,48.0,57.0,1.25,0.75,23,12.0,-48.0,9,4.0,64.0,3.0,-57.0,-9,40.654,16,0.25,33.654,7
280,88.74,21.93,19.93,-78.88,-12.07,-10.07,100.81,98.81,78.88,66.81,68.81,1.29,0.71,32,12.07,-66.81,2,4.93,83.81,10.07,-68.81,-2,59.054,17,0.29,44.054,15
281,5.58,3.86,14.86,-1.86,-0.14,-11.14,5.72,16.72,1.86,1.72,-9.28,1.93,0.07,15,0.14,-1.72,-11,1.86,3.72,11.14,9.28,11,15.756,2,0.93,2.7560000000000002,13
282,9.84,5.46,14.46,-4.92,-0.54,-9.54,10.38,19.38,4.92,4.38,-4.62,1.82,0.18,15,0.54,-4.38,-9,2.46,7.38,9.54,4.62,9,16.844,3,0.82,4.844000000000001,12
283,1.5,2.5,19.5,-0.5,-1.5,-18.5,3.0,20.0,0.5,-1.0,-18.0,1.25,0.75,21,1.5,1.0,-17,0.5,1.0,18.5,18.0,17,19.708,2,0.25,0.7079999999999984,19
284,180.6,28.6,18.6,-163.4,-11.4,-1.4,192.0,182.0,163.4,152.0,162.0,1.43,0.57,30,11.4,-152.0,10,8.6,172.0,1.4,-162.0,-10,98.316,20,0.43,88.316,10
285,283.86,32.94,23.94,-253.98,-3.06,5.94,286.92,277.92,253.98,250.92,259.92,1.83,0.17,27,3.06,-250.92,9,14.94,268.92,-5.94,-259.92,-9,150.658,18,0.83,141.658,9
286,9.9,6.65,8.65,-6.6,-3.35,-5.35,13.25,15.25,6.6,3.25,1.25,1.33,0.67,12,3.35,-3.25,-2,1.65,8.25,5.35,-1.25,2,11.814,5,0.33,4.814,7
287,142.8,23.52,21.52,-123.76,-4.48,-2.48,147.28,145.28,123.76,119.28,121.28,1.68,0.32,26,4.48,-119.28,2,9.52,133.28,2.48,-121.28,-2,83.494,14,0.68,71.494,12
288,319.2,35.2,31.2,-288.8,-4.8,-0.8,324.0,320.0,288.8,284.0,288.0,1.76,0.24,36,4.8,-284.0,4,15.2,304.0,0.8,-288.0,-4,174.47,20,0.76,158.47,16
289,2.7,5.45,13.45,-1.8,-4.55,-12.55,7.25,15.25,1.8,-2.75,-10.75,1.09,0.91,18,4.55,2.75,-8,0.45,2.25,12.55,10.75,8,14.236,5,0.09,1.2360000000000007,13
290,195.3,27.02,20.02,-169.26,-0.98,6.02,196.28,189.28,169.26,168.28,175.28,1.93,0.07,21,0.98,-168.28,7,13.02,182.28,-6.02,-175.28,-7,104.754,14,0.93,97.754,7
291,10.2,6.7,5.7,-6.8,-3.3,-2.3,13.5,12.5,6.8,3.5,4.5,1.34,0.66,9,3.3,-3.5,1,1.7,8.5,2.3,-4.5,-1,9.086,5,0.34,5.086,4
292,90.48,18.96,22.96,-76.56,-5.04,-9.04,95.52,99.52,76.56,71.52,67.52,1.58,0.42,28,5.04,-71.52,-4,6.96,83.52,9.04,-67.52,4,60.246,12,0.58,44.246,16
293,223.04,29.12,25.12,-196.8,-2.88,1.12,225.92,221.92,196.8,193.92,197.92,1.82,0.18,28,2.88,-193.92,4,13.12,209.92,-1.12,-197.92,-4,123.2,16,0.82,111.2,12
294,220.8,28.8,24.8,-193.2,-1.2,2.8,222.0,218.0,193.2,192.0,196.0,1.92,0.08,26,1.2,-192.0,4,13.8,207.0,-2.8,-196.0,-4,122.154,15,0.92,111.154,11
295,34.72,11.34,8.34,-26.04,-2.66,0.34,37.38,34.38,26.04,23.38,26.38,1.62,0.38,11,2.66,-23.38,3,4.34,30.38,-0.34,-26.38,-3,21.612,7,0.62,17.612,4
296,189.0,29.0,22.0,-171.0,-11.0,-4.0,200.0,193.0,171.0,160.0,167.0,1.45,0.55,33,11.0,-160.0,7,9.0,180.0,4.0,-167.0,-7,108.61,20,0.45,95.61,13
297,40.8,18.4,5.4,-36.0,-13.6,-0.6,54.4,41.4,36.0,22.4,35.4,1.15,0.85,19,13.6,-22.4,13,2.4,38.4,0.6,-35.4,-13,22.776,16,0.15,19.776,3
298,77.4,16.74,22.74,-61.92,-1.26,-7.26,78.66,84.66,61.92,60.66,54.66,1.86,0.14,24,1.26,-60.66,-6,7.74,69.66,7.26,-54.66,6,53.348,9,0.86,38.348,15
299,28.8,11.88,16.88,-23.04,-6.12,-11.12,34.92,39.92,23.04,16.92,11.92,1.32,0.68,23,6.12,-16.92,-5,2.88,25.92,11.12,-11.92,5,28.26,9,0.32,14.260000000000002,14
300,51.48,15.96,15.96,-43.56,-8.04,-8.04,59.52,59.52,43.56,35.52,35.52,1.33,0.67,24,8.04,-35.52,0,3.96,47.52,8.04,-35.52,0,37.93,12,0.33,25.93,12
301,39.78,19.21,6.21,-35.36,-14.79,-1.79,54.57,41.57,35.36,20.57,33.57,1.13,0.87,21,14.79,-20.57,13,2.21,37.57,1.79,-33.57,-13,25.092,17,0.13,21.092,4
302,262.2,32.11,22.11,-235.98,-5.89,4.11,268.09,258.09,235.98,230.09,240.09,1.69,0.31,28,5.89,-230.09,10,13.11,249.09,-4.11,-240.09,-10,138.932,19,0.69,129.932,9
303,65.1,18.34,4.34,-56.42,-9.66,4.34,74.76,60.76,56.42,46.76,60.76,1.31,0.69,14,9.66,-46.76,14,4.34,60.76,-4.34,-60.76,-14,32.214,14,0.31,32.214,0
304,66.96,15.44,12.44,-52.08,-0.56,2.44,67.52,64.52,52.08,51.52,54.52,1.93,0.07,13,0.56,-51.52,3,7.44,59.52,-2.44,-54.52,-3,38.764,8,0.93,33.764,5
305,51.3,20.7,21.7,-45.9,-15.3,-16.3,66.6,67.6,45.9,30.6,29.6,1.15,0.85,37,15.3,-30.6,-1,2.7,48.6,16.3,-29.6,1,43.584,18,0.15,24.584000000000003,19
306,3.84,3.96,6.96,-1.92,-2.04,-5.04,5.88,8.88,1.92,-0.12,-3.12,1.32,0.68,9,2.04,0.12,-3,0.96,2.88,5.04,3.12,3,7.93,3,0.32,1.9299999999999997,6
307,155.4,24.36,30.36,-134.68,-3.64,-9.64,159.04,165.04,134.68,131.04,125.04,1.74,0.26,34,3.64,-131.04,-6,10.36,145.04,9.64,-125.04,6,97.456,14,0.74,77.456,20
308,32.4,12.24,7.24,-25.92,-5.76,-0.76,38.16,33.16,25.92,20.16,25.16,1.36,0.64,13,5.76,-20.16,5,3.24,29.16,0.76,-25.16,-5,20.33,9,0.36,16.33,4
309,29.92,17.76,10.76,-26.4,-14.24,-7.24,44.16,37.16,26.4,12.16,19.16,1.11,0.89,25,14.24,-12.16,7,1.76,28.16,7.24,-19.16,-7,23.292,16,0.11,14.292000000000002,9
310,12.2,6.44,7.44,-7.32,-1.56,-2.56,13.76,14.76,7.32,5.76,4.76,1.61,0.39,9,1.56,-5.76,-1,2.44,9.76,2.56,-4.76,1,11.26,4,0.61,6.26,5
311,1.78,1.89,11.89,0.0,-0.11,-10.11,1.89,11.89,0.0,-0.11,-10.11,1.89,0.11,12,0.11,0.11,-10,0.89,0.89,10.11,10.11,10,11.88,1,0.89,0.8800000000000008,11
312,132.0,23.25,13.25,-115.5,-6.75,3.25,138.75,128.75,115.5,108.75,118.75,1.55,0.45,20,6.75,-108.75,10,8.25,123.75,-3.25,-118.75,-10,71.136,15,0.55,66.136,5
313,264.6,32.6,17.6,-239.4,-7.4,7.6,272.0,257.0,239.4,232.0,247.0,1.63,0.37,25,7.4,-232.0,15,12.6,252.0,-7.6,-247.0,-15,138.476,20,0.63,133.476,5
314,318.06,34.74,18.74,-284.58,-1.26,14.74,319.32,303.32,284.58,283.32,299.32,1.93,0.07,20,1.26,-283.32,16,16.74,301.32,-14.74,-299.32,-16,159.794,18,0.93,157.794,2
315,27.3,15.82,15.82,-23.66,-12.18,-12.18,39.48,39.48,23.66,11.48,11.48,1.13,0.87,28,12.18,-11.48,0,1.82,25.48,12.18,-11.48,0,27.804,14,0.13,13.803999999999998,14
316,41.76,12.64,6.64,-32.48,-3.36,2.64,45.12,39.12,32.48,29.12,35.12,1.58,0.42,10,3.36,-29.12,6,4.64,37.12,-2.64,-35.12,-6,22.92,8,0.58,20.92,2
317,5.4,5.08,11.08,-3.24,-2.92,-8.92,8.32,14.32,3.24,0.32,-5.68,1.27,0.73,14,2.92,-0.32,-6,1.08,4.32,8.92,5.68,6,12.688,4,0.27,2.6880000000000006,10
318,31.68,13.64,7.64,-26.4,-8.36,-2.36,40.04,34.04,26.4,18.04,24.04,1.24,0.76,16,8.36,-18.04,6,2.64,29.04,2.36,-24.04,-6,20.446,11,0.24,15.446000000000002,5
319,14.8,6.96,8.96,-8.88,-1.04,-3.04,15.84,17.84,8.88,7.84,5.84,1.74,0.26,10,1.04,-7.84,-2,2.96,11.84,3.04,-5.84,2,13.492,4,0.74,7.492000000000001,6
320,61.6,15.6,22.6,-50.4,-4.4,-11.4,66.0,73.0,50.4,46.0,39.0,1.56,0.44,27,4.4,-46.0,-7,5.6,56.0,11.4,-39.0,7,47.902,10,0.56,30.902,17
321,88.92,18.84,15.84,-75.24,-5.16,-2.16,94.08,91.08,75.24,70.08,73.08,1.57,0.43,21,5.16,-70.08,3,6.84,82.08,2.16,-73.08,-3,52.964,12,0.57,43.964,9
322,45.6,21.28,16.28,-41.04,-16.72,-11.72,62.32,57.32,41.04,24.32,29.32,1.12,0.88,33,16.72,-24.32,5,2.28,43.32,11.72,-29.32,-5,36.39,19,0.12,22.39,14
323,52.8,14.8,7.8,-43.2,-5.2,1.8,58.0,51.0,43.2,38.0,45.0,1.48,0.52,13,5.2,-38.0,7,4.8,48.0,-1.8,-45.0,-7,29.278,10,0.48,26.278,3
324,14.56,8.82,19.82,-10.92,-5.18,-16.18,19.74,30.74,10.92,5.74,-5.26,1.26,0.74,25,5.18,-5.74,-11,1.82,12.74,16.18,5.26,11,25.07,7,0.26,7.07,18
325,148.2,26.41,7.41,-133.38,-11.59,7.41,159.79,140.79,133.38,121.79,140.79,1.39,0.61,19,11.59,-121.79,19,7.41,140.79,-7.41,-140.79,-19,73.69,19,0.39,73.69,0
326,0.94,1.47,17.47,0.0,-0.53,-16.53,1.47,17.47,0.0,-0.53,-16.53,1.47,0.53,18,0.53,0.53,-16,0.47,0.47,16.53,16.53,16,17.522,1,0.47,0.5219999999999985,17
327,0.22,1.11,15.11,0.0,-0.89,-14.89,1.11,15.11,0.0,-0.89,-14.89,1.11,0.89,16,0.89,0.89,-14,0.11,0.11,14.89,14.89,14,15.136,1,0.11,0.13599999999999923,15
328,68.64,17.28,18.28,-58.08,-6.72,-7.72,75.36,76.36,58.08,51.36,50.36,1.44,0.56,25,6.72,-51.36,-1,5.28,63.36,7.72,-50.36,1,47.78,12,0.44,34.78,13
329,53.2,13.65,17.65,-39.9,-0.35,-4.35,53.55,57.55,39.9,39.55,35.55,1.95,0.05,18,0.35,-39.55,-4,6.65,46.55,4.35,-35.55,4,37.772,7,0.95,26.772,11
330,102.96,19.58,27.58,-85.8,-2.42,-10.42,105.38,113.38,85.8,83.38,75.38,1.78,0.22,30,2.42,-83.38,-8,8.58,94.38,10.42,-75.38,8,70.844,11,0.78,51.843999999999994,19
331,79.2,17.2,16.2,-64.8,-2.8,-1.8,82.0,81.0,64.8,62.0,63.0,1.72,0.28,19,2.8,-62.0,1,7.2,72.0,1.8,-63.0,-1,48.852,10,0.72,39.852,9
332,4.44,3.48,9.48,-1.48,-0.52,-6.52,4.96,10.96,1.48,0.96,-5.04,1.74,0.26,10,0.52,-0.96,-6,1.48,2.96,6.52,5.04,6,10.242,2,0.74,2.242000000000001,8
333,130.2,22.68,27.68,-112.84,-5.32,-10.32,135.52,140.52,112.84,107.52,102.52,1.62,0.38,33,5.32,-107.52,-5,8.68,121.52,10.32,-102.52,5,83.33,14,0.62,64.33,19
334,28.0,10.5,16.5,-21.0,-3.5,-9.5,31.5,37.5,21.0,17.5,11.5,1.5,0.5,20,3.5,-17.5,-6,3.5,24.5,9.5,-11.5,6,26.912,7,0.5,13.911999999999999,13
335,40.7,13.7,16.7,-33.3,-6.3,-9.3,47.0,50.0,33.3,27.0,24.0,1.37,0.63,23,6.3,-27.0,-3,3.7,37.0,9.3,-24.0,3,32.392,10,0.37,19.392000000000003,13
336,10.2,6.7,13.7,-6.8,-3.3,-10.3,13.5,20.5,6.8,3.5,-3.5,1.34,0.66,17,3.3,-3.5,-7,1.7,8.5,10.3,3.5,7,16.94,5,0.34,4.940000000000001,12
337,20.02,14.43,1.43,-17.16,-11.57,1.43,31.59,18.59,17.16,5.59,18.59,1.11,0.89,13,11.57,-5.59,13,1.43,18.59,-1.43,-18.59,-13,10.162,13,0.11,10.162,0
338,81.12,18.24,9.24,-68.64,-5.76,3.24,86.88,77.88,68.64,62.88,71.88,1.52,0.48,15,5.76,-62.88,9,6.24,74.88,-3.24,-71.88,-9,44.116,12,0.52,41.116,3
339,5.4,9.54,0.54,-4.32,-8.46,0.54,13.86,4.86,4.32,-4.14,4.86,1.06,0.94,9,8.46,4.14,9,0.54,4.86,-0.54,-4.86,-9,2.586,9,0.06,2.586,0
340,260.1,31.45,29.45,-231.2,-2.55,-0.55,262.65,260.65,231.2,228.65,230.65,1.85,0.15,32,2.55,-228.65,2,14.45,245.65,0.55,-230.65,-2,144.784,17,0.85,129.784,15
341,157.76,25.28,25.28,-139.2,-6.72,-6.72,164.48,164.48,139.2,132.48,132.48,1.58,0.42,32,6.72,-132.48,0,9.28,148.48,6.72,-132.48,0,95.01,16,0.58,79.01,16
342,195.84,27.52,17.52,-172.8,-4.48,5.52,200.32,190.32,172.8,168.32,178.32,1.72,0.28,22,4.48,-168.32,10,11.52,184.32,-5.52,-178.32,-10,103.532,16,0.72,97.532,6
343,160.74,26.46,20.46,-143.82,-9.54,-3.54,170.28,164.28,143.82,134.28,140.28,1.47,0.53,30,9.54,-134.28,6,8.46,152.28,3.54,-140.28,-6,92.254,18,0.47,80.254,12
344,126.0,22.4,15.4,-109.2,-5.6,1.4,131.6,124.6,109.2,103.6,110.6,1.6,0.4,21,5.6,-103.6,7,8.4,117.6,-1.4,-110.6,-7,70.272,14,0.6,63.272000000000006,7
345,263.16,31.62,29.62,-233.92,-2.38,-0.38,265.54,263.54,233.92,231.54,233.54,1.86,0.14,32,2.38,-231.54,2,14.62,248.54,0.38,-233.54,-2,146.322,17,0.86,131.322,15
346,0.54,1.27,10.27,0.0,-0.73,-9.73,1.27,10.27,0.0,-0.73,-9.73,1.27,0.73,11,0.73,0.73,-9,0.27,0.27,9.73,9.73,9,10.256,1,0.27,0.2560000000000002,10
347,0.5,1.25,13.25,0.0,-0.75,-12.75,1.25,13.25,0.0,-0.75,-12.75,1.25,0.75,14,0.75,0.75,-12,0.25,0.25,12.75,12.75,12,13.244,1,0.25,0.24399999999999977,13
348,56.7,14.67,18.67,-45.36,-3.33,-7.33,60.03,64.03,45.36,42.03,38.03,1.63,0.37,22,3.33,-42.03,-4,5.67,51.03,7.33,-38.03,4,41.298,9,0.63,28.298000000000002,13
349,1.84,1.92,0.92,0.0,-0.08,0.92,1.92,0.92,0.0,-0.08,0.92,1.92,0.08,1,0.08,0.08,1,0.92,0.92,-0.92,-0.92,-1,0.908,1,0.92,0.908,0
350,6.6,10.6,12.6,-5.4,-9.4,-11.4,16.0,18.0,5.4,-4.0,-6.0,1.06,0.94,22,9.4,4.0,-2,0.6,6.0,11.4,6.0,2,15.444,10,0.06,3.444000000000001,12
351,182.7,26.18,31.18,-158.34,-1.82,-6.82,184.52,189.52,158.34,156.52,151.52,1.87,0.13,33,1.82,-156.52,-5,12.18,170.52,6.82,-151.52,5,110.51,14,0.87,91.51,19
352,277.2,33.2,25.2,-250.8,-6.8,1.2,284.0,276.0,250.8,244.0,252.0,1.66,0.34,32,6.8,-244.0,8,13.2,264.0,-1.2,-252.0,-8,150.79,20,0.66,138.79,12
353,29.52,11.28,11.28,-22.96,-4.72,-4.72,34.24,34.24,22.96,18.24,18.24,1.41,0.59,16,4.72,-18.24,0,3.28,26.24,4.72,-18.24,0,23.206,8,0.41,15.206,8
354,58.14,20.23,8.23,-51.68,-13.77,-1.77,71.91,59.91,51.68,37.91,49.91,1.19,0.81,22,13.77,-37.91,12,3.23,54.91,1.77,-49.91,-12,33.128,17,0.19,28.128,5
355,199.2,27.45,24.45,-174.3,-2.55,0.45,201.75,198.75,174.3,171.75,174.75,1.83,0.17,27,2.55,-171.75,3,12.45,186.75,-0.45,-174.75,-3,111.542,15,0.83,99.542,12
356,145.08,23.16,13.16,-122.76,-0.84,9.16,145.92,135.92,122.76,121.92,131.92,1.93,0.07,14,0.84,-121.92,10,11.16,133.92,-9.16,-131.92,-10,74.616,12,0.93,72.616,2
357,106.02,23.58,20.58,-94.86,-12.42,-9.42,118.44,115.44,94.86,82.44,85.44,1.31,0.69,33,12.42,-82.44,3,5.58,100.44,9.42,-85.44,-3,67.012,18,0.31,52.012,15
358,0.8,1.4,5.4,0.0,-0.6,-4.6,1.4,5.4,0.0,-0.6,-4.6,1.4,0.6,6,0.6,0.6,-4,0.4,0.4,4.6,4.6,4,5.402,1,0.4,0.40200000000000014,5
359,23.52,9.36,16.36,-16.8,-2.64,-9.64,26.16,33.16,16.8,14.16,7.16,1.56,0.44,19,2.64,-14.16,-7,3.36,20.16,9.64,-7.16,7,24.738,6,0.56,11.738,13
360,7.32,4.83,16.83,-3.66,-1.17,-13.17,8.49,20.49,3.66,2.49,-9.51,1.61,0.39,18,1.17,-2.49,-12,1.83,5.49,13.17,9.51,12,18.62,3,0.61,3.620000000000001,15
361,0.16,1.08,16.08,0.0,-0.92,-15.92,1.08,16.08,0.0,-0.92,-15.92,1.08,0.92,17,0.92,0.92,-15,0.08,0.08,15.92,15.92,15,16.102,1,0.08,0.10200000000000031,16
362,14.7,14.98,16.98,-12.74,-13.02,-15.02,27.72,29.72,12.74,-0.28,-2.28,1.07,0.93,30,13.02,0.28,-2,0.98,13.72,15.02,2.28,2,23.208,14,0.07,7.207999999999998,16
363,43.2,17.7,4.7,-37.8,-12.3,0.7,55.5,42.5,37.8,25.5,38.5,1.18,0.82,17,12.3,-25.5,13,2.7,40.5,-0.7,-38.5,-13,23.154,15,0.18,21.154,2
364,1.8,3.45,17.45,-0.9,-2.55,-16.55,4.35,18.35,0.9,-1.65,-15.65,1.15,0.85,20,2.55,1.65,-14,0.45,1.35,16.55,15.65,14,17.838,3,0.15,0.838000000000001,17
365,17.1,7.85,7.85,-11.4,-2.15,-2.15,19.25,19.25,11.4,9.25,9.25,1.57,0.43,10,2.15,-9.25,0,2.85,14.25,2.15,-9.25,0,13.48,5,0.57,8.48,5
366,116.28,24.12,26.12,-104.04,-11.88,-13.88,128.16,130.16,104.04,92.16,90.16,1.34,0.66,38,11.88,-92.16,-2,6.12,110.16,13.88,-90.16,2,78.902,18,0.34,58.902,20
367,56.16,16.32,20.32,-47.52,-7.68,-11.68,63.84,67.84,47.52,39.84,35.84,1.36,0.64,28,7.68,-39.84,-4,4.32,51.84,11.68,-35.84,4,44.262,12,0.36,28.262,16
368,9.96,5.49,3.49,-4.98,-0.51,1.49,10.47,8.47,4.98,4.47,6.47,1.83,0.17,4,0.51,-4.47,2,2.49,7.47,-1.49,-6.47,-2,6.002,3,0.83,5.002,1
369,0.42,2.14,13.14,-0.14,-1.86,-12.86,2.28,13.28,0.14,-1.72,-12.72,1.07,0.93,15,1.86,1.72,-11,0.14,0.28,12.86,12.72,11,13.212,2,0.07,0.21199999999999974,13
370,36.12,11.16,19.16,-25.8,-0.84,-8.84,36.96,44.96,25.8,24.96,16.96,1.86,0.14,20,0.84,-24.96,-8,5.16,30.96,8.84,-16.96,8,32.056,6,0.86,18.055999999999997,14
371,22.8,8.8,12.8,-15.2,-1.2,-5.2,24.0,28.0,15.2,14.0,10.0,1.76,0.24,14,1.2,-14.0,-4,3.8,19.0,5.2,-10.0,4,20.338,5,0.76,11.338000000000001,9
372,64.98,21.42,22.42,-58.14,-14.58,-15.58,79.56,80.56,58.14,43.56,42.56,1.19,0.81,37,14.58,-43.56,-1,3.42,61.56,15.58,-42.56,1,50.49,18,0.19,31.490000000000002,19
373,2.4,2.8,7.8,-0.8,-1.2,-6.2,3.6,8.6,0.8,-0.4,-5.4,1.4,0.6,9,1.2,0.4,-5,0.8,1.6,6.2,5.4,5,8.26,2,0.4,1.2599999999999998,7
374,41.04,20.16,7.16,-36.72,-15.84,-2.84,56.88,43.88,36.72,20.88,33.88,1.12,0.88,23,15.84,-20.88,13,2.16,38.88,2.84,-33.88,-13,25.334,18,0.12,20.334,5
375,3.6,4.72,19.72,-2.16,-3.28,-18.28,6.88,21.88,2.16,-1.12,-16.12,1.18,0.82,23,3.28,1.12,-15,0.72,2.88,18.28,16.12,15,20.698,4,0.18,1.6980000000000004,19
376,92.04,19.08,21.08,-77.88,-4.92,-6.92,96.96,98.96,77.88,72.96,70.96,1.59,0.41,26,4.92,-72.96,-2,7.08,84.96,6.92,-70.96,2,59.844,12,0.59,45.844,14
377,6.0,4.5,4.5,-3.0,-1.5,-1.5,7.5,7.5,3.0,1.5,1.5,1.5,0.5,6,1.5,-1.5,0,1.5,4.5,1.5,-1.5,0,5.88,3,0.5,2.88,3
378,36.96,11.62,9.62,-27.72,-2.38,-0.38,39.34,37.34,27.72,25.34,27.34,1.66,0.34,12,2.38,-25.34,2,4.62,32.34,0.38,-27.34,-2,23.258,7,0.66,18.258,5
379,357.2,36.86,26.86,-321.48,-1.14,8.86,358.34,348.34,321.48,320.34,330.34,1.94,0.06,28,1.14,-320.34,10,17.86,339.34,-8.86,-330.34,-10,187.304,19,0.94,178.304,9
380,4.32,8.48,5.48,-3.36,-7.52,-4.52,11.84,8.84,3.36,-4.16,-1.16,1.06,0.94,13,7.52,4.16,3,0.48,3.84,4.52,1.16,-3,6.986,8,0.06,1.9859999999999998,5
381,33.6,10.8,9.8,-24.0,-1.2,-0.2,34.8,33.8,24.0,22.8,23.8,1.8,0.2,11,1.2,-22.8,1,4.8,28.8,0.2,-23.8,-1,21.73,6,0.8,16.73,5
382,41.8,21.09,9.09,-37.62,-16.91,-4.91,58.71,46.71,37.62,20.71,32.71,1.11,0.89,26,16.91,-20.71,12,2.09,39.71,4.91,-32.71,-12,28.812,19,0.11,21.812,7
383,162.18,26.01,20.01,-144.16,-7.99,-1.99,170.17,164.17,144.16,136.17,142.17,1.53,0.47,28,7.99,-136.17,6,9.01,153.17,1.99,-142.17,-6,91.484,17,0.53,80.484,11
384,53.2,21.66,8.66,-47.88,-16.34,-3.34,69.54,56.54,47.88,31.54,44.54,1.14,0.86,25,16.34,-31.54,13,2.66,50.54,3.34,-44.54,-13,32.298,19,0.14,26.298000000000002,6
385,2.7,2.9,5.9,-0.9,-1.1,-4.1,3.8,6.8,0.9,-0.2,-3.2,1.45,0.55,7,1.1,0.2,-3,0.9,1.8,4.1,3.2,3,6.354,2,0.45,1.354,5
386,16.56,9.84,7.84,-12.88,-6.16,-4.16,22.72,20.72,12.88,6.72,8.72,1.23,0.77,14,6.16,-6.72,2,1.84,14.72,4.16,-8.72,-2,14.79,8,0.23,8.79,6
387,12.0,6.4,11.4,-7.2,-1.6,-6.6,13.6,18.6,7.2,5.6,0.6,1.6,0.4,13,1.6,-5.6,-5,2.4,9.6,6.6,-0.6,5,14.728,4,0.6,5.728,9
388,3.6,3.2,17.2,-1.2,-0.8,-14.8,4.4,18.4,1.2,0.4,-13.6,1.6,0.4,18,0.8,-0.4,-14,1.2,2.4,14.8,13.6,14,17.84,2,0.6,1.8399999999999999,16
389,2.8,4.56,7.56,-1.68,-3.44,-6.44,6.24,9.24,1.68,-1.76,-4.76,1.14,0.86,11,3.44,1.76,-3,0.56,2.24,6.44,4.76,3,8.334,4,0.14,1.3339999999999996,7
390,95.0,23.75,9.75,-85.5,-14.25,-0.25,109.25,95.25,85.5,71.25,85.25,1.25,0.75,24,14.25,-71.25,14,4.75,90.25,0.25,-85.25,-14,53.46,19,0.25,48.46,5
391,133.0,25.65,10.65,-119.7,-12.35,2.65,145.35,130.35,119.7,107.35,122.35,1.35,0.65,23,12.35,-107.35,15,6.65,126.35,-2.65,-122.35,-15,69.926,19,0.35,65.926,4
392,378.0,38.0,29.0,-342.0,-2.0,7.0,380.0,371.0,342.0,340.0,349.0,1.9,0.1,31,2.0,-340.0,9,18.0,360.0,-7.0,-349.0,-9,199.674,20,0.9,188.674,11
393,2.1,6.3,12.3,-1.5,-5.7,-11.7,7.8,13.8,1.5,-4.2,-10.2,1.05,0.95,18,5.7,4.2,-6,0.3,1.8,11.7,10.2,6,12.896,6,0.05,0.8960000000000008,12
394,51.84,13.76,22.76,-40.32,-2.24,-11.24,54.08,63.08,40.32,38.08,29.08,1.72,0.28,25,2.24,-38.08,-9,5.76,46.08,11.24,-29.08,9,42.974,8,0.72,25.973999999999997,17
395,41.44,12.18,11.18,-31.08,-1.82,-0.82,43.26,42.26,31.08,29.26,30.26,1.74,0.26,13,1.82,-29.26,1,5.18,36.26,0.82,-30.26,-1,26.67,7,0.74,20.67,6
396,27.2,17.6,7.6,-24.0,-14.4,-4.4,41.6,31.6,24.0,9.6,19.6,1.1,0.9,22,14.4,-9.6,10,1.6,25.6,4.4,-19.6,-10,18.81,16,0.1,12.809999999999999,6
397,29.68,10.71,4.71,-22.26,-3.29,2.71,32.97,26.97,22.26,18.97,24.97,1.53,0.47,8,3.29,-18.97,6,3.71,25.97,-2.71,-24.97,-6,15.812,7,0.53,14.812,1
398,171.0,27.0,22.0,-153.0,-9.0,-4.0,180.0,175.0,153.0,144.0,149.0,1.5,0.5,31,9.0,-144.0,5,9.0,162.0,4.0,-149.0,-5,97.48,18,0.5,84.48,13
399,61.2,20.4,18.4,-54.4,-13.6,-11.6,74.8,72.8,54.4,40.8,42.8,1.2,0.8,32,13.6,-40.8,2,3.4,57.8,11.6,-42.8,-2,46.78,17,0.2,31.78,15
400,46.8,13.2,23.2,-36.4,-2.8,-12.8,49.6,59.6,36.4,33.6,23.6,1.65,0.35,26,2.8,-33.6,-10,5.2,41.6,12.8,-23.6,10,41.106,8,0.65,23.106,18
401,266.76,32.04,16.04,-238.68,-3.96,12.04,270.72,254.72,238.68,234.72,250.72,1.78,0.22,20,3.96,-234.72,16,14.04,252.72,-12.04,-250.72,-16,134.88,18,0.78,132.88,2
402,25.62,9.66,12.66,-18.3,-2.34,-5.34,27.96,30.96,18.3,15.96,12.96,1.61,0.39,15,2.34,-15.96,-3,3.66,21.96,5.34,-12.96,3,21.692,6,0.61,12.692,9
403,133.0,25.65,6.65,-119.7,-12.35,6.65,145.35,126.35,119.7,107.35,126.35,1.35,0.65,19,12.35,-107.35,19,6.65,126.35,-6.65,-126.35,-19,67.128,19,0.35,67.128,0
404,43.52,18.56,20.56,-38.4,-13.44,-15.44,56.96,58.96,38.4,24.96,22.96,1.16,0.84,34,13.44,-24.96,-2,2.56,40.96,15.44,-22.96,2,40.08,16,0.16,22.08,18
405,35.28,11.41,18.41,-26.46,-2.59,-9.59,37.87,44.87,26.46,23.87,16.87,1.63,0.37,21,2.59,-23.87,-7,4.41,30.87,9.59,-16.87,7,31.924,7,0.63,17.924,14
406,155.8,26.79,14.79,-140.22,-11.21,0.79,167.01,155.01,140.22,129.01,141.01,1.41,0.59,26,11.21,-129.01,12,7.79,148.01,-0.79,-141.01,-12,82.764,19,0.41,75.764,7
407,24.0,9.0,6.0,-16.0,-1.0,2.0,25.0,22.0,16.0,15.0,18.0,1.8,0.2,7,1.0,-15.0,3,4.0,20.0,-2.0,-18.0,-3,14.234,5,0.8,12.234,2
408,51.48,15.96,5.96,-43.56,-8.04,1.96,59.52,49.52,43.56,35.52,45.52,1.33,0.67,14,8.04,-35.52,10,3.96,47.52,-1.96,-45.52,-10,26.92,12,0.33,24.92,2
409,182.4,28.12,25.12,-164.16,-9.88,-6.88,192.28,189.28,164.16,154.28,157.28,1.48,0.52,35,9.88,-154.28,3,9.12,173.28,6.88,-157.28,-3,106.948,19,0.48,90.948,16
410,42.48,12.72,21.72,-33.04,-3.28,-12.28,45.76,54.76,33.04,29.76,20.76,1.59,0.41,25,3.28,-29.76,-9,4.72,37.76,12.28,-20.76,9,38.038,8,0.59,21.037999999999997,17
411,109.44,23.76,20.76,-97.92,-12.24,-9.24,121.68,118.68,97.92,85.68,88.68,1.32,0.68,33,12.24,-85.68,3,5.76,103.68,9.24,-88.68,-3,69.51,18,0.32,54.510000000000005,15
412,35.28,11.41,20.41,-26.46,-2.59,-11.59,37.87,46.87,26.46,23.87,14.87,1.63,0.37,23,2.59,-23.87,-9,4.41,30.87,11.59,-14.87,9,33.698,7,0.63,17.698,16
413,4.56,4.14,18.14,-2.28,-1.86,-15.86,6.42,20.42,2.28,0.42,-13.58,1.38,0.62,20,1.86,-0.42,-14,1.14,3.42,15.86,13.58,14,19.278,3,0.38,2.2779999999999987,17
414,76.16,20.48,9.48,-67.2,-11.52,-0.52,87.68,76.68,67.2,55.68,66.68,1.28,0.72,21,11.52,-55.68,11,4.48,71.68,0.52,-66.68,-11,43.402,16,0.28,38.402,5
415,11.8,6.36,3.36,-7.08,-1.64,1.36,13.44,10.44,7.08,5.44,8.44,1.59,0.41,5,1.64,-5.44,3,2.36,9.44,-1.36,-8.44,-3,6.994,4,0.59,5.994,1
416,56.7,17.78,14.78,-49.14,-10.22,-7.22,66.92,63.92,49.14,38.92,41.92,1.27,0.73,25,10.22,-38.92,3,3.78,52.92,7.22,-41.92,-3,40.126,14,0.27,29.125999999999998,11
417,9.84,5.46,7.46,-4.92,-0.54,-2.54,10.38,12.38,4.92,4.38,2.38,1.82,0.18,8,0.54,-4.38,-2,2.46,7.38,2.54,-2.38,2,9.992,3,0.82,4.992000000000001,5
418,96.6,20.44,21.44,-83.72,-7.56,-8.56,104.16,105.16,83.72,76.16,75.16,1.46,0.54,29,7.56,-76.16,-1,6.44,90.16,8.56,-75.16,1,63.23,14,0.46,48.23,15
419,189.0,26.6,25.6,-163.8,-1.4,-0.4,190.4,189.4,163.8,162.4,163.4,1.9,0.1,27,1.4,-162.4,1,12.6,176.4,0.4,-163.4,-1,108.06,14,0.9,95.06,13
420,100.32,19.36,15.36,-83.6,-2.64,1.36,102.96,98.96,83.6,80.96,84.96,1.76,0.24,18,2.64,-80.96,4,8.36,91.96,-1.36,-84.96,-4,57.198,11,0.76,50.198,7
421,122.4,22.65,9.65,-107.1,-7.35,5.65,129.75,116.75,107.1,99.75,112.75,1.51,0.49,17,7.35,-99.75,13,7.65,114.75,-5.65,-112.75,-13,62.942,15,0.51,60.942,2
422,266.22,31.79,25.79,-236.64,-2.21,3.79,268.43,262.43,236.64,234.43,240.43,1.87,0.13,28,2.21,-234.43,6,14.79,251.43,-3.79,-240.43,-6,144.646,17,0.87,133.646,11
423,39.6,12.4,4.4,-30.8,-3.6,4.4,43.2,35.2,30.8,27.2,35.2,1.55,0.45,8,3.6,-27.2,8,4.4,35.2,-4.4,-35.2,-8,19.692,8,0.55,19.692,0
424,160.74,26.46,17.46,-143.82,-9.54,-0.54,170.28,161.28,143.82,134.28,143.28,1.47,0.53,27,9.54,-134.28,9,8.46,152.28,0.54,-143.28,-9,88.262,18,0.47,79.262,9
425,100.8,24.8,7.8,-91.2,-15.2,1.8,116.0,99.0,91.2,76.0,93.0,1.24,0.76,23,15.2,-76.0,17,4.8,96.0,-1.8,-93.0,-17,53.066,20,0.24,50.066,3
426,1.32,2.44,16.44,-0.44,-1.56,-15.56,2.88,16.88,0.44,-1.12,-15.12,1.22,0.78,18,1.56,1.12,-14,0.44,0.88,15.56,15.12,14,16.68,2,0.22,0.6799999999999997,16
427,212.8,29.64,23.64,-191.52,-8.36,-2.36,221.16,215.16,191.52,183.16,189.16,1.56,0.44,32,8.36,-183.16,6,10.64,202.16,2.36,-189.16,-6,119.616,19,0.56,106.616,13
428,65.1,18.34,6.34,-56.42,-9.66,2.34,74.76,62.76,56.42,46.76,58.76,1.31,0.69,16,9.66,-46.76,12,4.34,60.76,-2.34,-58.76,-12,34.756,14,0.31,32.756,2
429,12.18,7.74,21.74,-8.7,-4.26,-18.26,16.44,30.44,8.7,4.44,-9.56,1.29,0.71,26,4.26,-4.44,-14,1.74,10.44,18.26,9.56,14,26.142,6,0.29,6.1419999999999995,20
430,49.28,13.16,23.16,-36.96,-0.84,-10.84,50.12,60.12,36.96,36.12,26.12,1.88,0.12,24,0.84,-36.12,-10,6.16,43.12,10.84,-26.12,10,41.686,7,0.88,24.686,17
431,194.4,27.15,15.15,-170.1,-2.85,9.15,197.25,185.25,170.1,167.25,179.25,1.81,0.19,18,2.85,-167.25,12,12.15,182.25,-9.15,-179.25,-12,99.852,15,0.81,96.852,3
432,31.92,10.56,22.56,-22.8,-1.44,-13.44,33.36,45.36,22.8,21.36,9.36,1.76,0.24,24,1.44,-21.36,-12,4.56,27.36,13.44,-9.36,12,33.65,6,0.76,15.649999999999999,18
433,64.8,15.48,22.48,-51.84,-2.52,-9.52,67.32,74.32,51.84,49.32,42.32,1.72,0.28,25,2.52,-49.32,-7,6.48,58.32,9.52,-42.32,7,48.568,9,0.72,32.568,16
434,32.4,11.6,4.6,-25.2,-4.4,2.6,36.8,29.8,25.2,20.8,27.8,1.45,0.55,9,4.4,-20.8,7,3.6,28.8,-2.6,-27.8,-7,17.34,8,0.45,16.34,1
435,220.32,29.24,16.24,-195.84,-4.76,8.24,225.08,212.08,195.84,191.08,204.08,1.72,0.28,21,4.76,-191.08,13,12.24,208.08,-8.24,-204.08,-13,113.39,17,0.72,109.39,4
436,287.28,33.12,28.12,-257.04,-2.88,2.12,290.16,285.16,257.04,254.16,259.16,1.84,0.16,31,2.88,-254.16,5,15.12,272.16,-2.12,-259.16,-5,156.956,18,0.84,143.956,13
437,0.9,1.45,11.45,0.0,-0.55,-10.55,1.45,11.45,0.0,-0.55,-10.55,1.45,0.55,12,0.55,0.55,-10,0.45,0.45,10.55,10.55,10,11.42,1,0.45,0.41999999999999993,11
438,106.92,19.91,8.91,-89.1,-2.09,8.91,109.01,98.01,89.1,87.01,98.01,1.81,0.19,11,2.09,-87.01,11,8.91,98.01,-8.91,-98.01,-11,53.762,11,0.81,53.762,0
439,53.1,14.31,16.31,-42.48,-3.69,-5.69,56.79,58.79,42.48,38.79,36.79,1.59,0.41,20,3.69,-38.79,-2,5.31,47.79,5.69,-36.79,2,37.684,9,0.59,26.683999999999997,11
440,31.2,16.95,19.95,-27.3,-13.05,-16.05,44.25,47.25,27.3,14.25,11.25,1.13,0.87,33,13.05,-14.25,-3,1.95,29.25,16.05,-11.25,3,33.498,15,0.13,15.497999999999998,18
441,10.5,7.5,9.5,-7.5,-4.5,-6.5,15.0,17.0,7.5,3.0,1.0,1.25,0.75,14,4.5,-3.0,-2,1.5,9.0,6.5,-1.0,2,13.338,6,0.25,5.337999999999999,8
442,6.72,7.84,1.84,-5.04,-6.16,-0.16,12.88,6.88,5.04,-1.12,4.88,1.12,0.88,8,6.16,1.12,6,0.84,5.88,0.16,-4.88,-6,4.512,7,0.12,3.5119999999999996,1
443,0.5,1.25,20.25,0.0,-0.75,-19.75,1.25,20.25,0.0,-0.75,-19.75,1.25,0.75,21,0.75,0.75,-19,0.25,0.25,19.75,19.75,19,20.274,1,0.25,0.2740000000000009,20
444,1.02,1.51,15.51,0.0,-0.49,-14.49,1.51,15.51,0.0,-0.49,-14.49,1.51,0.49,16,0.49,0.49,-14,0.51,0.51,14.49,14.49,14,15.506,1,0.51,0.5060000000000002,15
445,168.0,25.2,12.2,-145.6,-2.8,10.2,170.8,157.8,145.6,142.8,155.8,1.8,0.2,15,2.8,-142.8,13,11.2,156.8,-10.2,-155.8,-13,84.596,14,0.8,83.596,1
446,88.44,18.37,16.37,-73.7,-3.63,-1.63,92.07,90.07,73.7,70.07,72.07,1.67,0.33,20,3.63,-70.07,2,7.37,81.07,1.63,-72.07,-2,53.198,11,0.67,44.198,9
447,21.42,9.06,19.06,-15.3,-2.94,-12.94,24.36,34.36,15.3,12.36,2.36,1.51,0.49,22,2.94,-12.36,-10,3.06,18.36,12.94,-2.36,10,26.762,6,0.51,10.762,16
448,29.12,15.08,19.08,-24.96,-10.92,-14.92,40.04,44.04,24.96,14.04,10.04,1.16,0.84,30,10.92,-14.04,-4,2.08,27.04,14.92,-10.04,4,31.432,13,0.16,14.431999999999999,17
449,1.2,1.6,4.6,0.0,-0.4,-3.4,1.6,4.6,0.0,-0.4,-3.4,1.6,0.4,5,0.4,0.4,-3,0.6,0.6,3.4,3.4,3,4.628,1,0.6,0.6280000000000001,4
450,47.88,20.52,7.52,-42.84,-15.48,-2.48,63.36,50.36,42.84,27.36,40.36,1.14,0.86,23,15.48,-27.36,13,2.52,45.36,2.48,-40.36,-13,28.498,18,0.14,23.498,5
451,96.46,19.89,6.89,-82.68,-6.11,6.89,102.57,89.57,82.68,76.57,89.57,1.53,0.47,13,6.11,-76.57,13,6.89,89.57,-6.89,-89.57,-13,49.316,13,0.53,49.316,0
452,20.58,8.94,14.94,-14.7,-3.06,-9.06,23.64,29.64,14.7,11.64,5.64,1.49,0.51,18,3.06,-11.64,-6,2.94,17.64,9.06,-5.64,6,22.22,6,0.49,10.219999999999999,12
453,76.8,19.8,5.8,-67.2,-10.2,3.8,87.0,73.0,67.2,57.0,71.0,1.32,0.68,16,10.2,-57.0,14,4.8,72.0,-3.8,-71.0,-14,38.852,15,0.32,37.852,1
454,266.0,32.3,16.3,-239.4,-5.7,10.3,271.7,255.7,239.4,233.7,249.7,1.7,0.3,22,5.7,-233.7,16,13.3,252.7,-10.3,-249.7,-16,136.348,19,0.7,133.348,3
455,0.18,1.09,19.09,0.0,-0.91,-18.91,1.09,19.09,0.0,-0.91,-18.91,1.09,0.91,20,0.91,0.91,-18,0.09,0.09,18.91,18.91,18,19.088,1,0.09,0.08800000000000097,19
456,1.5,1.75,10.75,0.0,-0.25,-9.25,1.75,10.75,0.0,-0.25,-9.25,1.75,0.25,11,0.25,0.25,-9,0.75,0.75,9.25,9.25,9,10.754,1,0.75,0.7539999999999996,10
457,16.4,7.28,16.28,-9.84,-0.72,-9.72,17.12,26.12,9.84,9.12,0.12,1.82,0.18,17,0.72,-9.12,-9,3.28,13.12,9.72,-0.12,9,21.02,4,0.82,8.02,13
458,174.8,27.74,27.74,-157.32,-10.26,-10.26,185.06,185.06,157.32,147.06,147.06,1.46,0.54,38,10.26,-147.06,0,8.74,166.06,10.26,-147.06,0,106.806,19,0.46,87.806,19
459,13.6,6.72,18.72,-8.16,-1.28,-13.28,14.88,26.88,8.16,6.88,-5.12,1.68,0.32,20,1.28,-6.88,-12,2.72,10.88,13.28,5.12,12,22.864,4,0.68,6.864000000000001,16
460,0.9,2.3,6.3,-0.3,-1.7,-5.7,2.6,6.6,0.3,-1.4,-5.4,1.15,0.85,8,1.7,1.4,-4,0.3,0.6,5.7,5.4,4,6.418,2,0.15,0.41800000000000015,6
461,131.04,22.08,20.08,-110.88,-1.92,0.08,132.96,130.96,110.88,108.96,110.96,1.84,0.16,22,1.92,-108.96,2,10.08,120.96,-0.08,-110.96,-2,75.604,12,0.84,65.604,10
462,122.76,21.23,11.23,-102.3,-0.77,9.23,123.53,113.53,102.3,101.53,111.53,1.93,0.07,12,0.77,-101.53,10,10.23,112.53,-9.23,-111.53,-10,62.536,11,0.93,61.536,1
463,35.1,12.51,6.51,-28.08,-5.49,0.51,40.59,34.59,28.08,22.59,28.59,1.39,0.61,12,5.49,-22.59,6,3.51,31.59,-0.51,-28.59,-6,20.166,9,0.39,17.166,3
464,48.4,14.4,15.4,-39.6,-5.6,-6.6,54.0,55.0,39.6,34.0,33.0,1.44,0.56,21,5.6,-34.0,-1,4.4,44.0,6.6,-33.0,1,34.8,10,0.44,23.799999999999997,11
465,2.2,4.44,5.44,-1.32,-3.56,-4.56,5.76,6.76,1.32,-2.24,-3.24,1.11,0.89,9,3.56,2.24,-1,0.44,1.76,4.56,3.24,1,6.108,4,0.11,1.1079999999999997,5
466,12.6,7.1,12.1,-8.4,-2.9,-7.9,15.5,20.5,8.4,5.5,0.5,1.42,0.58,15,2.9,-5.5,-5,2.1,10.5,7.9,-0.5,5,16.28,5,0.42,6.280000000000001,10
467,52.5,17.5,23.5,-45.5,-10.5,-16.5,63.0,69.0,45.5,35.0,29.0,1.25,0.75,34,10.5,-35.0,-6,3.5,49.0,16.5,-29.0,6,45.318,14,0.25,25.317999999999998,20
468,44.88,14.74,4.74,-37.4,-7.26,2.74,52.14,42.14,37.4,30.14,40.14,1.34,0.66,12,7.26,-30.14,10,3.74,41.14,-2.74,-40.14,-10,23.158,11,0.34,22.158,1
469,2.04,3.51,20.51,-1.02,-2.49,-19.49,4.53,21.53,1.02,-1.47,-18.47,1.17,0.83,23,2.49,1.47,-17,0.51,1.53,19.49,18.47,17,21.092,3,0.17,1.0919999999999987,20
470,3.6,4.72,19.72,-2.16,-3.28,-18.28,6.88,21.88,2.16,-1.12,-16.12,1.18,0.82,23,3.28,1.12,-15,0.72,2.88,18.28,16.12,15,20.744,4,0.18,1.7439999999999998,19
471,176.8,26.4,11.4,-156.0,-5.6,9.4,182.4,167.4,156.0,150.4,165.4,1.65,0.35,17,5.6,-150.4,15,10.4,166.4,-9.4,-165.4,-15,90.27,16,0.65,89.27,1
472,361.2,37.2,33.2,-326.8,-2.8,1.2,364.0,360.0,326.8,324.0,328.0,1.86,0.14,36,2.8,-324.0,4,17.2,344.0,-1.2,-328.0,-4,197.08,20,0.86,181.08,16
473,125.58,21.97,12.97,-107.64,-4.03,4.97,129.61,120.61,107.64,103.61,112.61,1.69,0.31,17,4.03,-103.61,9,8.97,116.61,-4.97,-112.61,-9,66.062,13,0.69,62.062,4
474,11.2,6.24,21.24,-6.72,-1.76,-16.76,12.96,27.96,6.72,4.96,-10.04,1.56,0.44,23,1.76,-4.96,-15,2.24,8.96,16.76,10.04,15,24.68,4,0.56,5.68,19
475,96.72,19.44,22.44,-81.84,-4.56,-7.56,101.28,104.28,81.84,77.28,74.28,1.62,0.38,27,4.56,-77.28,-3,7.44,89.28,7.56,-74.28,3,63.05,12,0.62,48.05,15
476,98.4,21.15,9.15,-86.1,-8.85,3.15,107.25,95.25,86.1,77.25,89.25,1.41,0.59,18,8.85,-77.25,12,6.15,92.25,-3.15,-89.25,-12,51.85,15,0.41,48.85,3
477,30.8,10.85,9.85,-23.1,-3.15,-2.15,33.95,32.95,23.1,19.95,20.95,1.55,0.45,13,3.15,-19.95,1,3.85,26.95,2.15,-20.95,-1,21.712,7,0.55,15.712,6
478,82.68,18.36,16.36,-69.96,-5.64,-3.64,88.32,86.32,69.96,64.32,66.32,1.53,0.47,22,5.64,-64.32,2,6.36,76.32,3.64,-66.32,-2,51.592,12,0.53,41.592,10
479,7.14,7.02,18.02,-5.1,-4.98,-15.98,12.12,23.12,5.1,0.12,-10.88,1.17,0.83,23,4.98,-0.12,-11,1.02,6.12,15.98,10.88,11,20.67,6,0.17,3.6700000000000017,17
